Employee_ID,Attrition_rate
EID_22713,0.24439533333333338
EID_9658,0.23344733333333334
EID_22203,0.16812133333333332
EID_7652,0.2390706666666667
EID_6516,0.19193533333333337
EID_20283,0.15357687301587308
EID_21014,0.17650706666666666
EID_7693,0.18369200000000008
EID_13232,0.23463144444444442
EID_6515,0.23706400000000002
EID_13639,0.16092133333333328
EID_14669,0.18288800000000008
EID_16537,0.2752168888888888
EID_5782,0.24865933333333332
EID_20157,0.24654311111111119
EID_1855,0.2306146666666666
EID_20748,0.18388155555555558
EID_23179,0.23908577777777765
EID_12838,0.17863977777777784
EID_21656,0.14414866666666667
EID_8844,0.2107384
EID_1536,0.19565200000000002
EID_8822,0.2264395555555556
EID_11398,0.26659288888888893
EID_12965,0.18113533333333331
EID_5204,0.2689575555555555
EID_10030,0.2013506666666667
EID_13227,0.21448099999999998
EID_20607,0.2220286666666666
EID_14070,0.2056613333333333
EID_3755,0.26200831111111106
EID_5459,0.1908513333333333
EID_7697,0.21632
EID_3935,0.18205022222222222
EID_19046,0.21255733333333332
EID_4040,0.19056133333333336
EID_17730,0.12712146666666665
EID_4995,0.1773073333333334
EID_24653,0.2100819111111111
EID_6978,0.1647773333333334
EID_13775,0.20416955555555552
EID_14608,0.2277273888888889
EID_3148,0.20768811111111116
EID_24868,0.2277906666666666
EID_5521,0.21155395555555556
EID_21155,0.2040586666666667
EID_3840,0.20110688888888892
EID_10646,0.20147100000000004
EID_6711,0.19116722222222224
EID_16247,0.20114266666666672
EID_16789,0.26630933333333334
EID_17967,0.21824400000000008
EID_13270,0.2993246666666667
EID_18462,0.1631137777777778
EID_22248,0.2563217777777777
EID_22693,0.22525122222222227
EID_25662,0.24195155555555553
EID_23346,0.15609066666666666
EID_4437,0.20410106666666666
EID_18108,0.23055155555555554
EID_7000,0.15087046666666667
EID_22770,0.18929066666666658
EID_7816,0.2165701333333332
EID_19615,0.16837411111111109
EID_23807,0.24578666666666654
EID_16764,0.24422266666666673
EID_16818,0.17443288888888883
EID_22712,0.15480000000000005
EID_18198,0.22610811111111115
EID_11154,0.17313333333333336
EID_22137,0.22856066666666663
EID_11655,0.16750226666666665
EID_18514,0.2242283333333334
EID_24742,0.2360396666666667
EID_16019,0.22683333333333336
EID_7357,0.18176066666666663
EID_20106,0.19491333333333338
EID_13284,0.2616721111111111
EID_5451,0.21500600000000006
EID_19728,0.2316
EID_9178,0.21282282222222218
EID_13177,0.18012333333333327
EID_14300,0.17510095238095236
EID_4379,0.250368
EID_11285,0.2290235555555555
EID_14882,0.1626905555555556
EID_9969,0.16446399999999994
EID_23643,0.19130400000000003
EID_5935,0.25408911111111115
EID_7741,0.1793198222222222
EID_6176,0.19550422222222227
EID_5418,0.2458360000000002
EID_20626,0.25875688888888887
EID_1725,0.23481199999999997
EID_14317,0.18520177777777774
EID_12120,0.19818133333333332
EID_20264,0.18476266666666677
EID_16691,0.18415766666666675
EID_1093,0.15363422222222223
EID_2565,0.2102986666666667
EID_11463,0.21920533333333325
EID_12005,0.15412382222222218
EID_10326,0.19736666666666663
EID_12582,0.22323600000000007
EID_18228,0.16726688888888888
EID_11670,0.16523688888888888
EID_24257,0.17951766666666663
EID_7024,0.18482755555555552
EID_10382,0.15151533333333334
EID_20210,0.1789302222222222
EID_10294,0.1808484444444445
EID_19941,0.20763800000000004
EID_25572,0.19264666666666666
EID_7758,0.15763362222222227
EID_22718,0.21985697777777777
EID_1078,0.19222133333333333
EID_8227,0.15596533333333334
EID_1702,0.2711133333333333
EID_3532,0.24251977777777792
EID_22452,0.1705772095238095
EID_3019,0.1796144444444445
EID_22264,0.18614838095238107
EID_9866,0.24154044444444453
EID_3520,0.18638
EID_21098,0.2967210000000001
EID_1186,0.1446964444444445
EID_12355,0.19232366666666667
EID_11020,0.18589766666666663
EID_19193,0.16954799999999998
EID_17787,0.18707881481481486
EID_13719,0.1835821666666666
EID_24449,0.13527988888888887
EID_12957,0.18726777777777773
EID_24794,0.20580311111111108
EID_2866,0.2096515555555556
EID_10563,0.18964222222222227
EID_22492,0.20781400000000003
EID_4106,0.2703706666666666
EID_6648,0.17121800000000004
EID_7209,0.18619566666666662
EID_9692,0.18008722222222232
EID_22763,0.16331155555555552
EID_12622,0.15491466666666667
EID_9831,0.23412639999999996
EID_5731,0.15987933333333337
EID_1114,0.20918311111111115
EID_25017,0.18333000000000005
EID_22956,0.16031233333333336
EID_5549,0.2842702222222222
EID_12022,0.26348844444444436
EID_8034,0.195744
EID_20644,0.18570355555555548
EID_20125,0.22929399999999997
EID_21957,0.2684226666666667
EID_8870,0.15266866666666667
EID_2305,0.198968
EID_3977,0.23992133333333332
EID_14845,0.21866400000000003
EID_6629,0.22245591111111107
EID_14577,0.22763120000000006
EID_24509,0.1342036666666667
EID_1530,0.1467193333333333
EID_21524,0.25281400000000004
EID_6647,0.15993833333333338
EID_19730,0.2028762666666667
EID_4424,0.18106477777777782
EID_7964,0.19353244444444442
EID_6289,0.20206922222222226
EID_2899,0.18191280000000007
EID_2827,0.21044933333333332
EID_8801,0.162745
EID_20454,0.22820733333333332
EID_18988,0.19615333333333332
EID_8405,0.2262096
EID_14497,0.19952560000000005
EID_11769,0.2502866666666667
EID_21353,0.22748933333333332
EID_2221,0.14848124444444455
EID_13218,0.2393746666666666
EID_4576,0.19342666666666666
EID_17470,0.28680066666666665
EID_14817,0.221467
EID_21845,0.23045975555555548
EID_21987,0.15916483333333334
EID_1168,0.18852000000000005
EID_14315,0.22824888888888892
EID_5043,0.26791200000000004
EID_1967,0.1801266666666667
EID_22274,0.1695008888888889
EID_11091,0.14499380000000003
EID_18421,0.22309333333333337
EID_8316,0.180208
EID_13308,0.174256
EID_19481,0.20207946666666665
EID_17732,0.21286133333333326
EID_4504,0.2014782000000001
EID_2539,0.22033919999999999
EID_19529,0.15460346666666672
EID_2279,0.17466448888888883
EID_14508,0.20522497777777773
EID_12241,0.14034497777777774
EID_11530,0.14796124444444442
EID_20147,0.16346061111111113
EID_6154,0.2127939047619048
EID_3523,0.1529206666666667
EID_20453,0.1829155999999999
EID_11929,0.23769266666666677
EID_12840,0.230201
EID_22320,0.16386800000000004
EID_25383,0.16540133333333332
EID_10731,0.22810466666666676
EID_1017,0.20666444444444454
EID_1819,0.2574426666666668
EID_22849,0.15218533333333334
EID_12290,0.15258799999999992
EID_24238,0.1792952222222222
EID_3105,0.1688516666666667
EID_14242,0.15628133333333327
EID_16569,0.24927099999999996
EID_8094,0.1691866984126985
EID_7824,0.18280466666666662
EID_8978,0.19069588888888886
EID_25314,0.16431648888888886
EID_17810,0.24334666666666668
EID_14856,0.15852366666666667
EID_22144,0.21314066666666667
EID_23603,0.15724177777777773
EID_7211,0.1886231333333333
EID_19340,0.29781500000000005
EID_1501,0.1917972380952381
EID_22111,0.17668155555555554
EID_16147,0.1713468571428571
EID_16746,0.2752484444444445
EID_20777,0.28711777777777775
EID_12999,0.2517113333333334
EID_21663,0.21256555555555556
EID_11862,0.19518825396825398
EID_17683,0.25574766666666665
EID_19819,0.18880959999999997
EID_21562,0.2116718888888889
EID_24390,0.2065303333333333
EID_14444,0.20693573333333326
EID_3261,0.16960073333333334
EID_7752,0.20046911111111115
EID_3033,0.21373866666666672
EID_22433,0.16637466666666667
EID_23727,0.1741703111111111
EID_24107,0.13102711111111118
EID_22537,0.19094539999999996
EID_13645,0.17167733333333332
EID_16021,0.18413800000000002
EID_19800,0.30313933333333337
EID_1944,0.19592755555555552
EID_15868,0.2042093333333334
EID_22188,0.22354933333333335
EID_13833,0.20174799999999998
EID_15028,0.2782806666666666
EID_24861,0.2214573333333332
EID_13033,0.1982524444444445
EID_23673,0.14152933333333334
EID_13265,0.1356426666666666
EID_23411,0.18105599999999997
EID_3761,0.1667220888888889
EID_7299,0.20279453968253972
EID_2379,0.23135177777777774
EID_18863,0.16295433333333337
EID_12115,0.22982888888888883
EID_23879,0.18965546666666658
EID_16586,0.1666391111111111
EID_19003,0.2270333333333334
EID_11107,0.25680400000000003
EID_15416,0.15223733333333336
EID_19214,0.15381506666666667
EID_5135,0.19749466666666676
EID_22464,0.270431
EID_22759,0.22319919999999996
EID_17833,0.2143146666666668
EID_17627,0.19450186666666666
EID_25730,0.21253777777777783
EID_2377,0.17839244444444446
EID_18085,0.19123636507936498
EID_14096,0.16147902222222218
EID_8384,0.17317733333333335
EID_17105,0.2227773333333334
EID_9929,0.21530266666666673
EID_13267,0.27548133333333336
EID_12954,0.17362986666666666
EID_4464,0.18962826666666663
EID_11464,0.18338766666666667
EID_19308,0.18621822222222217
EID_17530,0.219750888888889
EID_6981,0.15576986666666667
EID_19951,0.19563555555555553
EID_1100,0.18974966666666665
EID_25145,0.1974933333333334
EID_15614,0.23065600000000008
EID_2961,0.1874343333333334
EID_1742,0.17773066666666662
EID_2843,0.23806400000000003
EID_9549,0.22710866666666665
EID_12832,0.22727866666666666
EID_17914,0.34185533333333334
EID_22832,0.23406746666666672
EID_5755,0.20994266666666667
EID_1141,0.23362055555555553
EID_18954,0.23264800000000002
EID_10824,0.178956
EID_24478,0.212474
EID_14916,0.14320133333333337
EID_4434,0.20751133333333333
EID_23650,0.21717244444444447
EID_16556,0.18849644444444433
EID_24656,0.22916933333333334
EID_25965,0.20404933333333336
EID_9279,0.1678556666666667
EID_13802,0.20801555555555565
EID_2748,0.19038066666666656
EID_17346,0.24753155555555562
EID_1171,0.2880218666666667
EID_1552,0.1741674666666667
EID_20674,0.164241288888889
EID_2475,0.16508413333333333
EID_16714,0.1403384444444445
EID_7857,0.18647511111111115
EID_3294,0.18524555555555564
EID_2280,0.1896866666666667
EID_10203,0.1753465777777777
EID_22162,0.16318499999999994
EID_10438,0.18423466666666663
EID_12898,0.18985183333333333
EID_4358,0.22513213333333332
EID_6179,0.2099500761904762
EID_2538,0.2217613333333334
EID_13110,0.16493306666666663
EID_24585,0.22215666666666672
EID_1006,0.16386622222222222
EID_11632,0.18370777777777772
EID_21011,0.18260533333333342
EID_16869,0.2047913142857142
EID_20564,0.2267889333333333
EID_12996,0.19694480000000003
EID_1503,0.2498850666666666
EID_23053,0.19909593333333342
EID_22049,0.19586666666666663
EID_4346,0.16389511111111113
EID_1887,0.18428799999999995
EID_16849,0.17538133333333328
EID_10071,0.17536000000000002
EID_11265,0.18986533333333333
EID_12611,0.2234618000000001
EID_25542,0.15233947619047616
EID_11582,0.22668933333333346
EID_19550,0.20052599999999993
EID_5351,0.26169533333333317
EID_3305,0.1681511111111111
EID_18846,0.16836657777777783
EID_24764,0.14559600000000003
EID_2191,0.17609271111111105
EID_6314,0.24073333333333338
EID_23248,0.17066199999999998
EID_4570,0.22014933333333336
EID_16415,0.23515733333333336
EID_11002,0.27424297777777784
EID_20498,0.1814071111111111
EID_7846,0.23464533333333332
EID_24121,0.16053199999999998
EID_7536,0.15329606666666662
EID_2015,0.1986433333333333
EID_7934,0.2160630666666667
EID_20903,0.16704933333333336
EID_17535,0.21509466666666674
EID_19760,0.18138495238095234
EID_9550,0.2252088888888889
EID_4261,0.2143506666666666
EID_19753,0.1824413333333334
EID_13542,0.21207788888888893
EID_24283,0.24077733333333337
EID_7552,0.18865333333333334
EID_11577,0.19650533333333334
EID_3228,0.20511988888888882
EID_17468,0.16257799999999997
EID_15815,0.20526266666666665
EID_2093,0.17816799999999997
EID_21356,0.18421600000000007
EID_12357,0.24038960000000006
EID_18495,0.19764977777777776
EID_5098,0.21393428571428566
EID_12691,0.25064177777777785
EID_13240,0.25955466666666666
EID_19312,0.18846033333333329
EID_23914,0.20388759999999997
EID_23175,0.2003832666666667
EID_15413,0.1868702222222223
EID_4785,0.2036791111111111
EID_25933,0.18902799999999995
EID_22705,0.15128799999999998
EID_19350,0.26104888888888894
EID_5369,0.2179111111111111
EID_20410,0.17935133333333328
EID_12557,0.17996999999999996
EID_17678,0.20934933333333333
EID_1342,0.2819873333333333
EID_12230,0.26818800000000004
EID_1311,0.22657199999999994
EID_5860,0.20794844444444446
EID_4259,0.20070133333333337
EID_10209,0.14462288888888886
EID_2300,0.2260733333333333
EID_17408,0.16650300000000004
EID_1883,0.1626026666666667
EID_1053,0.24774800000000005
EID_23610,0.21306400000000011
EID_17585,0.20011959999999995
EID_20845,0.20362766666666665
EID_15683,0.15351633333333334
EID_11976,0.24668222222222227
EID_12031,0.14446155555555557
EID_1711,0.19473226666666665
EID_6239,0.2442262222222222
EID_25541,0.21403799999999995
EID_9308,0.23892733333333335
EID_18168,0.24820566666666666
EID_11934,0.16681555555555552
EID_23472,0.2170085714285714
EID_13731,0.1707353333333333
EID_16069,0.2560133333333333
EID_18276,0.20041475555555555
EID_6141,0.21264400000000006
EID_12061,0.19311244444444442
EID_9450,0.22845333333333334
EID_21730,0.19316742222222222
EID_19506,0.16342933333333332
EID_13552,0.16531400000000004
EID_9945,0.18383200000000008
EID_1924,0.23314900000000005
EID_18453,0.1486446666666666
EID_20225,0.25933599999999996
EID_18673,0.1796815555555556
EID_11420,0.23977075555555558
EID_16631,0.2553267555555556
EID_21237,0.21481648888888902
EID_5015,0.17174977777777772
EID_20179,0.27846704761904767
EID_12073,0.23087955555555548
EID_21147,0.13976533333333327
EID_6714,0.16237120000000008
EID_10645,0.19459566666666667
EID_18298,0.1956860000000001
EID_2640,0.21768733333333334
EID_2318,0.17305599999999996
EID_25226,0.24390533333333336
EID_24099,0.20386933333333337
EID_20938,0.311301
EID_8377,0.2164645333333334
EID_7023,0.2178173333333334
EID_11385,0.18962466666666672
EID_15016,0.20421320000000004
EID_25794,0.26216866666666677
EID_11494,0.2354216666666667
EID_2425,0.1815557777777778
EID_9847,0.18852155555555553
EID_3570,0.2202033333333333
EID_13573,0.22525511111111116
EID_13780,0.15923400000000004
EID_2949,0.16285733333333322
EID_19834,0.21515311111111107
EID_11384,0.21765432380952382
EID_23154,0.1730493333333333
EID_9337,0.19159933333333334
EID_3653,0.19083133333333333
EID_4850,0.17305133333333328
EID_16283,0.15667311111111115
EID_5107,0.17417422222222229
EID_25156,0.1543108444444444
EID_17223,0.2434589999999999
EID_14695,0.1842998888888889
EID_11374,0.2586213333333334
EID_13672,0.2895908
EID_6782,0.18168906666666662
EID_25074,0.2435688888888889
EID_21087,0.3634843333333333
EID_13017,0.21258244444444452
EID_9947,0.24066631111111111
EID_21221,0.16727386666666666
EID_21639,0.23367733333333335
EID_20333,0.1695273333333333
EID_2970,0.26473799999999986
EID_7624,0.19287455555555555
EID_15741,0.19618199999999994
EID_1312,0.232556
EID_19575,0.22196
EID_21047,0.19962073015873016
EID_11969,0.19724311111111115
EID_19145,0.16056066666666666
EID_9871,0.12219244444444444
EID_18852,0.17740933333333336
EID_22326,0.20879000000000003
EID_7259,0.20462933333333327
EID_21920,0.23545555555555553
EID_1436,0.1936495873015873
EID_8261,0.18252648888888898
EID_23228,0.2875126666666666
EID_5560,0.22395730158730157
EID_22357,0.2188026666666667
EID_4816,0.1575986666666666
EID_10000,0.2729551111111111
EID_21908,0.227216
EID_14887,0.1944604444444445
EID_12497,0.18222666666666668
EID_17976,0.19847466666666672
EID_17356,0.17891333333333334
EID_9785,0.15237466666666666
EID_16224,0.23529066666666676
EID_6020,0.21178844444444447
EID_20716,0.23187666666666673
EID_11351,0.17617840000000004
EID_20899,0.1812171111111112
EID_9718,0.19091333333333332
EID_9479,0.20488955555555555
EID_25048,0.22376800000000002
EID_23370,0.1709133333333334
EID_13877,0.23137386666666676
EID_12256,0.17685699999999996
EID_1903,0.2172324
EID_8830,0.1478071111111111
EID_22060,0.1440453333333333
EID_11996,0.2324384444444444
EID_21061,0.18690644444444443
EID_22604,0.19355226666666667
EID_18463,0.23245848888888895
EID_11375,0.19345866666666667
EID_2685,0.21508666666666662
EID_16010,0.26146826666666667
EID_19288,0.2782213333333334
EID_9283,0.31584933333333326
EID_11122,0.17156822222222223
EID_6638,0.2165640317460318
EID_25516,0.22535555555555556
EID_3864,0.18897114285714287
EID_9746,0.1551545238095238
EID_8407,0.22736066666666663
EID_25463,0.165303
EID_23098,0.1724350666666667
EID_22512,0.20722888888888888
EID_14671,0.20092920000000003
EID_18482,0.23388799999999993
EID_8151,0.16727733333333333
EID_16624,0.19357833333333332
EID_1983,0.2446459999999999
EID_18445,0.1872025555555557
EID_11891,0.16951644444444441
EID_2010,0.16043511111111108
EID_4592,0.21648971111111115
EID_17412,0.17104333333333335
EID_24883,0.1641295777777778
EID_15661,0.18467266666666668
EID_11757,0.19102933333333338
EID_2627,0.19993333333333332
EID_13243,0.2424888
EID_10917,0.21510266666666666
EID_4360,0.23320733333333327
EID_13536,0.17220000000000005
EID_10695,0.250016
EID_5746,0.18959688888888893
EID_1178,0.24187546666666657
EID_15290,0.21909533333333328
EID_3540,0.20108879999999996
EID_14684,0.18134222222222227
EID_7914,0.1408205555555556
EID_23733,0.2158293333333334
EID_5907,0.17748486666666669
EID_5142,0.18709120000000007
EID_7686,0.12519111111111114
EID_12078,0.15977622222222215
EID_4880,0.24850400000000009
EID_1527,0.2319753333333333
EID_15919,0.18850333333333336
EID_1260,0.2215579999999999
EID_22377,0.25538533333333335
EID_7876,0.1774504888888889
EID_1213,0.15752715555555555
EID_4161,0.17132533333333336
EID_3214,0.22259933333333337
EID_17651,0.1337513111111111
EID_8005,0.20425266666666672
EID_12852,0.18245533333333333
EID_21465,0.1764702222222222
EID_7371,0.1832849333333333
EID_25687,0.15622655555555562
EID_17222,0.14447599999999997
EID_1994,0.2165446666666667
EID_22384,0.25366
EID_6344,0.1853666666666667
EID_18801,0.2527380000000001
EID_13688,0.1523165555555556
EID_13779,0.18088633333333337
EID_24969,0.19705793333333338
EID_15311,0.2387106666666666
EID_9095,0.17092200000000007
EID_11675,0.20760933333333328
EID_14870,0.2284271111111111
EID_1575,0.24661333333333335
EID_7440,0.16943822222222216
EID_24259,0.17840266666666665
EID_19501,0.28928066666666663
EID_23743,0.20725353333333346
EID_13287,0.16758
EID_2226,0.16190599999999997
EID_22439,0.16840373333333336
EID_16078,0.29268466666666654
EID_18895,0.16484444444444446
EID_19860,0.21592022222222218
EID_24564,0.2004613333333334
EID_21747,0.1911826666666667
EID_4659,0.18030088888888895
EID_24149,0.19694826666666668
EID_13300,0.22393136507936512
EID_16950,0.2096016666666667
EID_23778,0.18329142222222225
EID_14691,0.1407111111111111
EID_10789,0.22549466666666657
EID_5525,0.20140386666666651
EID_19424,0.2047466666666667
EID_6171,0.2645583333333333
EID_19569,0.17041133333333336
EID_4602,0.25421733333333346
EID_17919,0.27126399999999995
EID_4286,0.19066044444444444
EID_1973,0.20391800000000002
EID_25715,0.18241555555555553
EID_23385,0.18437844444444446
EID_13681,0.17186693333333328
EID_25410,0.19992999999999997
EID_18267,0.1687826666666666
EID_15252,0.15890813333333337
EID_23214,0.23516933333333337
EID_18551,0.34406133333333333
EID_2401,0.16539244444444443
EID_7609,0.18842733333333336
EID_21291,0.1568528888888889
EID_10126,0.17864133333333332
EID_19714,0.2118531111111111
EID_4911,0.15581973333333335
EID_12505,0.16540799999999997
EID_10377,0.22534577777777776
EID_3407,0.24008577777777773
EID_3386,0.12394422222222225
EID_7623,0.17515866666666668
EID_19517,0.24725299999999986
EID_21782,0.24861533333333335
EID_12361,0.19558600000000004
EID_21171,0.148892
EID_17836,0.24272299999999997
EID_20286,0.22374
EID_25798,0.17707166666666665
EID_15699,0.1957183111111111
EID_17006,0.287486
EID_22476,0.14067199999999994
EID_9406,0.16181199999999998
EID_13559,0.16295277777777778
EID_1340,0.24997777777777766
EID_17848,0.20208233333333334
EID_20358,0.23916713333333325
EID_14265,0.18676622222222222
EID_9820,0.15225424444444452
EID_13755,0.17585577777777786
EID_13293,0.1520894666666666
EID_25837,0.20054400000000003
EID_20466,0.14869466666666661
EID_11032,0.2324703333333333
EID_2399,0.18779822222222226
EID_23917,0.18990733333333332
EID_17011,0.19734966666666673
EID_8967,0.1648976666666667
EID_24468,0.2322213999999999
EID_8435,0.23068133333333332
EID_17953,0.2261368888888889
EID_7140,0.25020400000000004
EID_24404,0.1522506666666667
EID_14380,0.24572133333333332
EID_1232,0.18311866666666668
EID_1573,0.2576733333333334
EID_3684,0.197459
EID_15824,0.2734733333333332
EID_9212,0.1789098888888888
EID_21121,0.198484
EID_6346,0.14423400000000006
EID_9525,0.17237133333333335
EID_9726,0.17250914285714275
EID_2526,0.2534554666666667
EID_4228,0.26188955555555543
EID_14595,0.19522133333333336
EID_15856,0.25440248888888894
EID_6768,0.24847422222222235
EID_23953,0.2566933333333332
EID_19059,0.1853613333333333
EID_5268,0.16342688888888893
EID_7619,0.18782666666666664
EID_23028,0.2024811111111111
EID_22104,0.2267751111111112
EID_10318,0.1919193333333333
EID_25369,0.23329333333333338
EID_16633,0.1907846666666667
EID_15848,0.2635537777777778
EID_2240,0.24331466666666662
EID_1059,0.23190444444444444
EID_9315,0.16855111111111112
EID_15388,0.15535866666666667
EID_9984,0.160832
EID_4296,0.19540400000000005
EID_10927,0.16137615873015876
EID_25054,0.20071733333333336
EID_1884,0.17583133333333337
EID_21960,0.15208666666666665
EID_5572,0.14957208888888887
EID_16872,0.2898494666666666
EID_24525,0.23920844444444442
EID_14237,0.16489566666666672
EID_7114,0.1825986666666666
EID_7448,0.12494279999999999
EID_17668,0.16981513333333334
EID_7674,0.173101
EID_5884,0.2174963333333334
EID_13942,0.18537066666666663
EID_13098,0.2042831111111111
EID_7695,0.2993658888888888
EID_5350,0.18524653333333335
EID_22853,0.22091972222222225
EID_2385,0.26188888888888884
EID_18006,0.22375177777777783
EID_12875,0.23579120000000003
EID_5478,0.2009120000000001
EID_18690,0.17906733333333333
EID_12545,0.18321866666666667
EID_13888,0.1836248888888889
EID_9732,0.23520533333333343
EID_18001,0.2501386666666665
EID_17479,0.22055688888888894
EID_23757,0.15866933333333338
EID_1303,0.2661253333333332
EID_5375,0.19042
EID_5869,0.20694133333333337
EID_8825,0.26201733333333327
EID_22567,0.20310826984126978
EID_16273,0.16992648888888887
EID_20618,0.2264233333333333
EID_3608,0.17968777777777784
EID_8806,0.14061400000000002
EID_23170,0.18414133333333327
EID_12243,0.24245526666666664
EID_20089,0.1658613333333333
EID_16852,0.1706379111111111
EID_18312,0.17212322222222223
EID_14010,0.1726766666666667
EID_14705,0.21886533333333333
EID_20956,0.16801555555555556
EID_18794,0.1782314285714286
EID_1629,0.25293466666666664
EID_25483,0.18359033333333338
EID_4542,0.18435426666666666
EID_10076,0.20441066666666674
EID_9469,0.2231402222222222
EID_25284,0.16406213333333333
EID_11972,0.16307688888888888
EID_1798,0.2041433333333334
EID_21903,0.16904433333333332
EID_20031,0.18795644444444443
EID_20365,0.185146
EID_9210,0.188351
EID_19750,0.1732464444444445
EID_4006,0.16458266666666674
EID_24922,0.15200200000000005
EID_4760,0.20604266666666674
EID_11035,0.13969033333333336
EID_21008,0.25019500000000006
EID_23731,0.20272599999999993
EID_21788,0.15603866666666674
EID_5428,0.183776
EID_14023,0.21833226666666672
EID_2937,0.28637866666666667
EID_16931,0.241874
EID_18299,0.23297733333333331
EID_6660,0.1649461333333333
EID_23187,0.2702220000000001
EID_14868,0.1690364444444444
EID_23247,0.147752
EID_15971,0.24302533333333334
EID_7852,0.21919933333333325
EID_7017,0.2969584
EID_7494,0.181936
EID_18706,0.2682844444444445
EID_22784,0.21611622222222224
EID_10756,0.21517888888888892
EID_6854,0.2656177777777779
EID_12554,0.19913920000000002
EID_1162,0.17103036507936506
EID_19581,0.23676400000000006
EID_2169,0.22045333333333336
EID_25149,0.2600848888888888
EID_22575,0.22528644444444448
EID_2265,0.25507866666666656
EID_19668,0.24874533333333324
EID_19245,0.17052533333333333
EID_8194,0.26159466666666664
EID_8081,0.268456
EID_8670,0.17967136507936513
EID_7992,0.24508533333333338
EID_6596,0.26508266666666663
EID_3699,0.2831342222222222
EID_9698,0.22732533333333332
EID_1847,0.19864933333333343
EID_16179,0.25347848888888874
EID_23663,0.22844399999999998
EID_24287,0.26360533333333325
EID_3527,0.2532846666666667
EID_18652,0.24737466666666663
EID_24110,0.134912
EID_21419,0.15928800000000004
EID_12865,0.19284711111111108
EID_9237,0.16944822222222217
EID_20408,0.22270466666666663
EID_22934,0.20711866666666667
EID_6492,0.15983811111111107
EID_20285,0.24252740000000003
EID_1286,0.1905888888888889
EID_12542,0.19216399999999995
EID_5523,0.25537066666666675
EID_1979,0.17127657777777774
EID_23146,0.18222666666666665
EID_4773,0.18408422222222226
EID_8785,0.2646973333333334
EID_4463,0.26318733333333344
EID_24028,0.18828600000000004
EID_20920,0.16613180952380957
EID_21392,0.19536900000000001
EID_4079,0.2109653333333333
EID_5173,0.20393733333333325
EID_22915,0.1803942222222222
EID_18347,0.19201733333333332
EID_7984,0.3328973333333335
EID_25148,0.25170311111111104
EID_4350,0.2397056666666667
EID_6909,0.1223086666666667
EID_10582,0.14239244444444446
EID_6248,0.17335266666666668
EID_10035,0.2183342222222222
EID_24603,0.32779311111111104
EID_1794,0.21447911111111126
EID_9407,0.2199119999999999
EID_2114,0.2115026666666667
EID_21125,0.20435666666666666
EID_15046,0.26104377777777776
EID_8058,0.2413526666666666
EID_1961,0.1298162666666667
EID_23324,0.163393
EID_21521,0.26398222222222223
EID_11043,0.28705866666666674
EID_6461,0.2356275555555556
EID_10398,0.19732555555555562
EID_20635,0.16487360000000004
EID_22940,0.2683066666666665
EID_8582,0.16193866666666668
EID_12770,0.15776855555555558
EID_15982,0.19444084444444443
EID_19692,0.17994173015873013
EID_18304,0.211288
EID_13603,0.19843133333333335
EID_6145,0.23037599999999997
EID_16587,0.16574533333333333
EID_16835,0.30199119999999996
EID_8399,0.2184922222222221
EID_7012,0.23246755555555543
EID_20575,0.16770044444444446
EID_20747,0.22661933333333323
EID_3907,0.21148942857142863
EID_22626,0.31731466666666674
EID_4442,0.1676035555555556
EID_18034,0.19126577777777776
EID_16055,0.19025333333333327
EID_21684,0.1291422222222222
EID_17499,0.19508711111111113
EID_1222,0.19437999999999994
EID_17204,0.237525
EID_22732,0.18467111111111117
EID_8539,0.2501817777777777
EID_23136,0.19151146666666666
EID_24470,0.24167066666666662
EID_17404,0.20500733333333337
EID_21498,0.23644399999999996
EID_19495,0.19692600000000002
EID_23966,0.18591266666666667
EID_1388,0.25641977777777775
EID_7374,0.2172655555555556
EID_25441,0.20230888888888887
EID_16616,0.15005053333333324
EID_7654,0.22870422222222225
EID_4217,0.22017066666666665
EID_9968,0.167492
EID_17830,0.1657186666666667
EID_12023,0.16487022222222222
EID_24002,0.16351644444444438
EID_11371,0.14899840000000003
EID_11096,0.22094799999999992
EID_24835,0.2609599999999999
EID_17439,0.1469571111111111
EID_6587,0.16839946666666666
EID_21946,0.21666577777777773
EID_5431,0.19908935555555546
EID_4723,0.1762777777777778
EID_11535,0.22831066666666663
EID_2330,0.163998
EID_23531,0.1799613333333333
EID_8913,0.19449766666666665
EID_21273,0.1555213333333333
EID_11927,0.2188178095238096
EID_1385,0.24069999999999997
EID_15758,0.2195808888888889
EID_1023,0.19350599999999998
EID_8959,0.23174999999999998
EID_12911,0.21212399999999995
EID_15925,0.1888535555555556
EID_17769,0.29236719999999994
EID_19842,0.18246400000000004
EID_15875,0.20191488888888892
EID_21284,0.1691857777777778
EID_24825,0.19936044444444434
EID_23825,0.20366199999999998
EID_13001,0.21356200000000006
EID_25601,0.15797840000000002
EID_24670,0.17927431746031747
EID_24412,0.22545066666666672
EID_18712,0.24186533333333343
EID_21138,0.23748999999999995
EID_19335,0.203768
EID_16753,0.23183599999999993
EID_24399,0.21166400000000002
EID_12567,0.22611000000000003
EID_22161,0.17595066666666662
EID_12609,0.2907574000000001
EID_22249,0.16651333333333335
EID_5314,0.24768177777777783
EID_1897,0.21590155555555554
EID_22507,0.18656419999999996
EID_2878,0.15790955555555564
EID_10098,0.25302723809523814
EID_18435,0.23934019047619046
EID_8063,0.18328666666666668
EID_3512,0.17803799999999995
EID_24444,0.19364455555555557
EID_9813,0.16058533333333333
EID_25132,0.22139133333333338
EID_5613,0.16950880000000002
EID_14062,0.20415733333333336
EID_20073,0.2426546666666666
EID_12506,0.17165911111111115
EID_1092,0.320576
EID_15895,0.20744133333333334
EID_1039,0.20538066666666663
EID_22016,0.2332253333333333
EID_6764,0.1652366666666667
EID_17384,0.24150666666666665
EID_8705,0.1807570666666667
EID_14832,0.27682898412698403
EID_16473,0.2093451555555556
EID_11186,0.2052281777777778
EID_7476,0.1594966666666667
EID_19671,0.19165266666666667
EID_14001,0.17059733333333338
EID_10658,0.20261999999999988
EID_6668,0.14709066666666665
EID_13786,0.19140100000000007
EID_11224,0.2250746666666665
EID_13296,0.22589926984126976
EID_22145,0.21805200000000005
EID_6494,0.19630066666666668
EID_1649,0.19160222222222226
EID_20878,0.22397166666666674
EID_3790,0.16263288888888888
EID_9257,0.20138844444444443
EID_14917,0.17312100000000005
EID_22052,0.24215744444444448
EID_1198,0.1859713333333333
EID_8478,0.2185693333333334
EID_2071,0.22652711111111118
EID_1250,0.20967500000000006
EID_9000,0.1395232222222222
EID_17319,0.26646200000000003
EID_21794,0.22946066666666667
EID_23350,0.2829726888888889
EID_16278,0.14951759999999994
EID_3330,0.17911466666666664
EID_12584,0.1978324444444444
EID_9354,0.2799173333333334
EID_15007,0.17509066666666673
EID_11656,0.14825304761904762
EID_22526,0.21075919999999995
EID_11027,0.14636422222222223
EID_21588,0.19394855555555554
EID_13717,0.21299333333333337
EID_8073,0.20903866666666662
EID_15972,0.21406640000000002
EID_5730,0.1669561904761905
EID_23968,0.157258
EID_4299,0.18452506666666665
EID_6302,0.20614866666666667
EID_6974,0.2149466666666667
EID_4829,0.2039355555555555
EID_21139,0.23341066666666668
EID_23456,0.22813080000000008
EID_20110,0.17695644444444447
EID_20342,0.19425433333333328
EID_15238,0.1757213333333333
EID_10349,0.2504753333333333
EID_10077,0.1979928888888889
EID_22330,0.18759800000000004
EID_4368,0.20784133333333324
EID_8859,0.16464906666666668
EID_24277,0.20736422222222226
EID_1061,0.2785598
EID_5597,0.20363377777777775
EID_4820,0.22325537777777782
EID_5863,0.2181897777777778
EID_23680,0.2248826666666667
EID_5542,0.22594888888888884
EID_6203,0.16921511111111112
EID_5355,0.25199200000000005
EID_19669,0.30185786666666653
EID_21725,0.267496
EID_2138,0.2406684444444444
EID_24278,0.1987661873015873
EID_6591,0.14061299999999996
EID_21056,0.1644013333333334
EID_18759,0.24435222222222233
EID_12059,0.17746766666666666
EID_11077,0.20393946666666665
EID_17216,0.27449200000000007
EID_15655,0.21192311111111115
EID_19017,0.18018266666666663
EID_17846,0.18002400000000002
EID_6418,0.19903546666666666
EID_25942,0.21755733333333324
EID_5420,0.19728106666666664
EID_11764,0.1955202222222222
EID_16483,0.2226066666666667
EID_1901,0.1520353333333333
EID_21480,0.1450020000000001
EID_8006,0.21033599999999994
EID_1282,0.19925666666666672
EID_6895,0.22039466666666668
EID_13677,0.18275266666666673
EID_6071,0.1823502666666667
EID_14425,0.17376844444444442
EID_22685,0.13124899999999998
EID_20203,0.15234999999999996
EID_19161,0.1838143333333333
EID_1947,0.1536383333333333
EID_16574,0.24224266666666666
EID_2561,0.23916033333333345
EID_20668,0.23912737777777768
EID_7831,0.2491380444444445
EID_8769,0.20299844444444454
EID_25191,0.2125848888888889
EID_15590,0.16127066666666665
EID_12458,0.17226177777777776
EID_11406,0.16761711111111108
EID_17629,0.1933693333333333
EID_4632,0.203797611111111
EID_18455,0.19146560000000007
EID_23077,0.2544908888888889
EID_25024,0.29113533333333325
EID_6269,0.20050755555555558
EID_12100,0.1845583650793651
EID_23190,0.18604288888888887
EID_9030,0.1984386666666667
EID_12359,0.12136653333333333
EID_12041,0.16667155555555555
EID_2019,0.19658300000000004
EID_22974,0.22275288888888886
EID_10351,0.16582633333333335
EID_23630,0.2586843333333333
EID_7309,0.19914199999999996
EID_19821,0.223034
EID_4033,0.2061855111111111
EID_3435,0.20570866666666673
EID_5759,0.12017084444444442
EID_12826,0.19543944444444447
EID_8148,0.1819937777777778
EID_16088,0.264991111111111
EID_15783,0.24683044444444438
EID_19521,0.21762166666666677
EID_13016,0.1960273333333333
EID_13708,0.21107800000000004
EID_4237,0.18173600000000006
EID_3620,0.22221733333333332
EID_10042,0.17814199999999994
EID_8833,0.21090866666666672
EID_21028,0.20098666666666662
EID_3485,0.17485511111111113
EID_23372,0.2201411111111111
EID_19410,0.21160999999999996
EID_6598,0.15144000000000005
EID_25371,0.1888528888888888
EID_19483,0.1841552
EID_22826,0.1858169777777778
EID_23606,0.2182316666666666
EID_9346,0.19853200000000001
EID_1608,0.1528698888888889
EID_1603,0.213516
EID_23041,0.17791088888888892
EID_7801,0.17104833333333333
EID_22456,0.17128733333333335
EID_24428,0.27258566666666667
EID_10811,0.23901866666666663
EID_24566,0.1893746666666667
EID_2531,0.22512488888888887
EID_10878,0.192144
EID_19548,0.27010400000000007
EID_11988,0.2524008888888889
EID_11378,0.18353466666666668
EID_9896,0.18936955555555557
EID_17323,0.2639364444444445
EID_24976,0.2227395555555556
EID_11249,0.20782433333333342
EID_20395,0.21243955555555558
EID_18262,0.21062888888888895
EID_14670,0.17728951111111105
EID_12880,0.17783773333333336
EID_1406,0.24026399999999995
EID_23014,0.25153622222222227
EID_5224,0.2150442666666666
EID_3232,0.1957626666666666
EID_22327,0.17202400000000004
EID_2285,0.2064006666666666
EID_20468,0.20082399999999995
EID_4443,0.201316
EID_15641,0.1756814095238095
EID_8106,0.23578533333333335
EID_13958,0.19743000000000002
EID_10214,0.22808133333333336
EID_17739,0.23027199999999992
EID_13347,0.17331399999999997
EID_23453,0.17963322222222228
EID_1477,0.21052266666666666
EID_20224,0.21774899999999997
EID_2362,0.19124466666666662
EID_21421,0.19048133333333334
EID_7860,0.2197964444444444
EID_10286,0.22313533333333338
EID_7184,0.18784599999999999
EID_21742,0.18764266666666665
EID_21610,0.1921391111111111
EID_19375,0.24570133333333335
EID_18564,0.33455266666666666
EID_19108,0.3107426666666667
EID_17928,0.2008235555555556
EID_25613,0.20415733333333336
EID_23787,0.16773404444444442
EID_2392,0.17318933333333333
EID_7574,0.21122426666666666
EID_9810,0.22785760000000002
EID_14332,0.22473697777777776
EID_20937,0.22026488888888887
EID_7827,0.1939806666666666
EID_7457,0.16747564444444446
EID_11152,0.24784533333333333
EID_12917,0.1799533333333333
EID_18590,0.2712393333333332
EID_15327,0.17426844444444448
EID_11687,0.20637466666666662
EID_5179,0.2661191111111112
EID_5623,0.2707423333333334
EID_25331,0.26051688888888885
EID_24386,0.17373322222222232
EID_6507,0.2403030158730159
EID_7842,0.19737599999999997
EID_12018,0.18161188888888896
EID_6640,0.2325286666666668
EID_9872,0.19757333333333335
EID_2331,0.2497965714285714
EID_19685,0.14516897777777774
EID_25701,0.22251993650793647
EID_25681,0.25169066666666656
EID_20151,0.20621599999999998
EID_8980,0.24152555555555552
EID_12719,0.18781066666666674
EID_20075,0.19016533333333333
EID_14984,0.2191549333333333
EID_8177,0.1773448888888889
EID_1360,0.18522799999999998
EID_24812,0.23785944444444448
EID_8480,0.2027386666666666
EID_14567,0.16092155555555557
EID_16194,0.182716
EID_10020,0.19328688888888887
EID_7321,0.1934528888888889
EID_15387,0.2030506666666667
EID_19419,0.15741733333333335
EID_20496,0.14175288888888887
EID_1308,0.1955871111111111
EID_14770,0.21043
EID_21893,0.256408
EID_10990,0.16369066666666668
EID_17521,0.2286826666666667
EID_15274,0.29956000000000005
EID_24001,0.19225599999999998
EID_4111,0.22033155555555559
EID_4284,0.17271288888888886
EID_19682,0.18443333333333334
EID_14871,0.21025613333333332
EID_18152,0.18850622222222224
EID_12520,0.29345866666666676
EID_4739,0.209414
EID_8424,0.15884355555555554
EID_23600,0.18203911111111112
EID_25891,0.20806133333333332
EID_11618,0.24367266666666665
EID_12674,0.22804111111111108
EID_5999,0.18684426666666662
EID_18063,0.1807339999999999
EID_14859,0.16642800000000005
EID_20353,0.2446866666666667
EID_22962,0.23109644444444447
EID_19650,0.18001277777777777
EID_6108,0.1938325333333334
EID_19012,0.2893033333333334
EID_22925,0.26072077777777786
EID_15619,0.25767866666666656
EID_19998,0.18932533333333335
EID_20052,0.19846706666666672
EID_25044,0.16296782222222223
EID_5422,0.24399466666666658
EID_15354,0.2940636666666668
EID_3804,0.19562333333333326
EID_23277,0.25401799999999997
EID_12336,0.16535199999999997
EID_24839,0.18068188888888892
EID_1651,0.25339022222222224
EID_24355,0.23130844444444446
EID_24276,0.20837100952380955
EID_10346,0.19940666666666662
EID_9579,0.15305075555555553
EID_23242,0.18151333333333328
EID_23541,0.2647606666666667
EID_14741,0.1628285714285714
EID_7783,0.18556991111111115
EID_12569,0.19593186666666665
EID_3834,0.2097085333333333
EID_6799,0.2064491111111111
EID_15609,0.17198311111111106
EID_5496,0.16256399999999993
EID_5080,0.14600933333333332
EID_14834,0.252356
EID_18266,0.2527213333333334
EID_1182,0.20549844444444446
EID_6445,0.1712185777777778
EID_18656,0.2424131999999999
EID_24011,0.1639580666666667
EID_25093,0.20558166666666666
EID_11334,0.24463355555555552
EID_15785,0.16013222222222226
EID_8060,0.23088466666666665
EID_4349,0.28187333333333325
EID_22525,0.22693533333333335
EID_1231,0.22217608888888885
EID_2127,0.1500136666666666
EID_4047,0.19342753333333326
EID_12989,0.19861600000000001
EID_17726,0.21956533333333336
EID_1602,0.16501466666666664
EID_5945,0.17564440000000003
EID_15166,0.27268533333333334
EID_25317,0.2161057777777778
EID_18848,0.18982799999999994
EID_14455,0.15687322222222216
EID_9724,0.26131333333333323
EID_22697,0.17498146666666664
EID_16505,0.1364482222222222
EID_11616,0.1710084444444444
EID_10352,0.19498888888888888
EID_24093,0.2233231111111112
EID_11826,0.22529866666666665
EID_24211,0.18042322539682543
EID_14709,0.1926826666666667
EID_18747,0.23643599999999998
EID_16077,0.25591966666666666
EID_15440,0.22077533333333335
EID_4935,0.21990466666666672
EID_13791,0.15913011111111117
EID_16876,0.21794933333333327
EID_1335,0.19437999999999994
EID_19086,0.2115497777777778
EID_12872,0.21397688888888894
EID_11623,0.1670586666666667
EID_7807,0.19093533333333335
EID_9605,0.21919188888888888
EID_12736,0.274434
EID_20565,0.1747286666666667
EID_17225,0.20291340952380946
EID_19974,0.14312933333333333
EID_16045,0.17960933333333332
EID_2082,0.22100533333333336
EID_22219,0.17309266666666667
EID_19439,0.16478666666666666
EID_2979,0.1927853333333333
EID_24414,0.17964133333333335
EID_15148,0.19825693333333333
EID_10690,0.2758706666666667
EID_16346,0.19375566666666671
EID_22752,0.23283866666666658
EID_21746,0.18388333333333334
EID_1705,0.197399280952381
EID_7498,0.1871257650793651
EID_6874,0.2026221555555556
EID_4543,0.15609342857142852
EID_8931,0.20823066666666662
EID_16435,0.23864744444444436
EID_16767,0.17510599999999993
EID_3058,0.21797083809523804
EID_16381,0.21840888888888887
EID_17190,0.1905937777777779
EID_7079,0.1845553333333333
EID_10191,0.2691344666666667
EID_1378,0.16301266666666664
EID_20222,0.2750267555555556
EID_6156,0.19506766666666667
EID_5975,0.2272755555555556
EID_18682,0.20736
EID_8837,0.18817759999999992
EID_24686,0.22564599999999985
EID_9869,0.24736933333333325
EID_14673,0.19274333333333338
EID_14443,0.18215913650793647
EID_21591,0.2020392444444445
EID_25240,0.1623749206349206
EID_18365,0.2109053333333334
EID_9260,0.20706133333333335
EID_10696,0.15826631111111103
EID_18012,0.25405022222222223
EID_17421,0.16744599999999998
EID_23615,0.24869847619047622
EID_14132,0.19382244444444444
EID_13168,0.18105933333333338
EID_16973,0.17733444444444446
EID_13426,0.19660666666666668
EID_1493,0.173268
EID_3994,0.1810352888888889
EID_10574,0.24151800000000004
EID_12394,0.26286800000000016
EID_4781,0.2485306666666666
EID_24911,0.23386222222222225
EID_3205,0.17831593333333326
EID_25568,0.1616986666666667
EID_4343,0.18124337777777774
EID_4330,0.19400922222222225
EID_12518,0.22367328888888896
EID_18426,0.25174399999999997
EID_3862,0.18818853333333338
EID_13478,0.20510026666666667
EID_5607,0.21198266666666676
EID_22353,0.14200933333333332
EID_18346,0.14781800000000006
EID_5978,0.21926736507936506
EID_3391,0.1761837777777778
EID_8525,0.22114799999999993
EID_5245,0.15054688888888892
EID_11791,0.2475075555555555
EID_22913,0.20411844444444438
EID_15587,0.23118822222222227
EID_4851,0.16763222222222215
EID_3432,0.14511999999999997
EID_13090,0.25118000000000007
EID_15117,0.2609148888888889
EID_22004,0.16178822222222222
EID_16053,0.1974794666666666
EID_16458,0.20058195238095236
EID_8021,0.19236566666666668
EID_24385,0.20230666666666666
EID_7053,0.2403094
EID_13544,0.15421386666666667
EID_9014,0.15297466666666665
EID_9246,0.22111582222222215
EID_15642,0.2023035555555556
EID_12295,0.24931777777777778
EID_7925,0.2522564444444444
EID_18473,0.22894233333333333
EID_19427,0.2248957555555556
EID_17027,0.1655106666666666
EID_22093,0.21669333333333338
EID_25611,0.21066044444444443
EID_20490,0.2548364444444444
EID_4204,0.2749677333333333
EID_2604,0.23939933333333333
EID_16152,0.2739355555555556
EID_8563,0.24271199999999993
EID_18620,0.15307
EID_11012,0.20565366666666668
EID_19598,0.2683694222222223
EID_13159,0.18593555555555555
EID_13171,0.1734245555555556
EID_8374,0.19415566666666664
EID_9838,0.25601033333333323
EID_18489,0.22935266666666668
EID_17451,0.1929073333333333
EID_7269,0.1870234444444444
EID_20548,0.23004233333333338
EID_9466,0.17974833333333334
EID_16085,0.21438666666666667
EID_24082,0.2699000000000001
EID_5078,0.1779533333333333
EID_23951,0.17061919047619045
EID_8327,0.19838800000000012
EID_5904,0.174333
EID_11085,0.14830933333333327
EID_21437,0.1963264444444444
EID_7471,0.18329866666666667
EID_12046,0.20359066666666667
EID_18653,0.16187047619047623
EID_14175,0.1610768888888889
EID_5514,0.1760076888888889
EID_20148,0.2162733333333333
EID_14260,0.18788266666666661
EID_15574,0.15064666666666665
EID_7287,0.21725288888888897
EID_18889,0.1965971111111111
EID_13106,0.1985084
EID_15448,0.18881644444444454
EID_25897,0.21534000000000006
EID_23758,0.19448766666666673
EID_23208,0.20519
EID_13646,0.22715866666666665
EID_5467,0.15169866666666668
EID_6022,0.20592933333333338
EID_10923,0.1832656666666667
EID_10408,0.21958293333333326
EID_4186,0.17034799999999997
EID_22022,0.1932921904761905
EID_16390,0.2449273333333333
EID_19493,0.19635066666666673
EID_12519,0.20137169841269842
EID_23549,0.2347162222222222
EID_17612,0.3299146666666667
EID_25007,0.2469815999999999
EID_1949,0.21356833333333333
EID_23313,0.2346348888888889
EID_22516,0.2588578666666667
EID_21836,0.24738400000000002
EID_7268,0.1796058888888889
EID_8202,0.17574333333333336
EID_6613,0.18644400000000003
EID_2596,0.29152199999999995
EID_19849,0.20869133333333326
EID_11546,0.2354902222222222
EID_3942,0.1817799999999999
EID_7899,0.21824266666666658
EID_4802,0.16518755555555556
EID_6725,0.17361866666666664
EID_3835,0.19005686666666666
EID_9511,0.13857155555555553
EID_5757,0.24220499999999992
EID_24838,0.25090899999999994
EID_15225,0.17359022222222228
EID_8238,0.21840977777777784
EID_2826,0.16694299999999998
EID_20774,0.20352213333333333
EID_19311,0.17854293333333332
EID_12339,0.19752688888888884
EID_1583,0.20343533333333333
EID_1033,0.16581488888888887
EID_10764,0.19325900000000004
EID_17203,0.15742344444444448
EID_1345,0.1605408
EID_4951,0.179574
EID_16956,0.24006399999999994
EID_9203,0.19144906666666664
EID_7021,0.18644766666666665
EID_8707,0.21604133333333342
EID_5209,0.28074
EID_20428,0.20927377777777786
EID_10913,0.18129335555555556
EID_11507,0.16776355555555553
EID_3693,0.14951599999999998
EID_22857,0.23331246666666683
EID_18744,0.20746222222222227
EID_19600,0.19724320000000004
EID_21336,0.18038933333333335
EID_17676,0.1441142222222222
EID_1678,0.24202622222222223
EID_4889,0.21274644444444446
EID_9961,0.2125187999999999
EID_23386,0.22434613333333345
EID_19835,0.14060566666666663
EID_9519,0.19953555555555558
EID_5449,0.23490444444444444
EID_20640,0.1933891111111111
EID_16387,0.18327266666666664
EID_20293,0.26727986666666664
EID_2296,0.16353366666666674
EID_11827,0.18266177777777778
EID_21522,0.23490622222222224
EID_2767,0.17671599999999998
EID_2873,0.19402480000000003
EID_2603,0.21983422222222226
EID_2674,0.16842400000000007
EID_23682,0.27087066666666665
EID_13310,0.19082405714285722
EID_6523,0.20028213333333333
EID_13056,0.21211733333333335
EID_7244,0.3238053333333332
EID_1072,0.21409200000000003
EID_25833,0.17982035555555556
EID_11244,0.19671066666666662
EID_22918,0.2574052444444446
EID_16735,0.2960986666666666
EID_4201,0.1925877777777778
EID_5998,0.2488466666666667
EID_19254,0.21704666666666672
EID_16653,0.22578199047619052
EID_11729,0.2059904444444444
EID_19573,0.20293615873015872
EID_21463,0.22855433333333341
EID_5899,0.16162555555555558
EID_23613,0.18072200000000005
EID_8609,0.20896600000000004
EID_2660,0.22699555555555553
EID_1333,0.2257086666666667
EID_3212,0.23093766666666662
EID_7830,0.21442088888888894
EID_4372,0.16615100000000002
EID_15955,0.23184888888888888
EID_22059,0.22577600000000003
EID_22804,0.232953111111111
EID_4700,0.2032138222222222
EID_14401,0.2426966666666667
EID_19971,0.25664911111111116
EID_10684,0.15916106666666663
EID_21512,0.17851955555555557
EID_16722,0.2067586666666666
EID_16012,0.16916
EID_19093,0.28942453333333323
EID_25636,0.2298139333333334
EID_10567,0.21338799999999997
EID_11601,0.225407365079365
EID_25697,0.17999982222222222
EID_22131,0.16990551111111118
EID_8511,0.14844500000000002
EID_18114,0.27375999999999995
EID_12784,0.1919833333333334
EID_12820,0.20779266666666665
EID_4512,0.17787466666666674
EID_5837,0.18082480000000004
EID_12564,0.16310022222222223
EID_16737,0.11636488888888886
EID_25986,0.1878531555555556
EID_8729,0.17995133333333332
EID_4386,0.1743653333333334
EID_5223,0.16452677777777786
EID_1494,0.23656933333333327
EID_22699,0.18943688888888885
EID_1083,0.1611073333333334
EID_1329,0.1884313333333333
EID_3550,0.17281600000000003
EID_18845,0.24870266666666677
EID_17946,0.21644266666666662
EID_1712,0.23828133333333337
EID_12024,0.23797333333333345
EID_2974,0.2183486666666668
EID_12806,0.1768251111111111
EID_10396,0.16407346666666667
EID_3998,0.2206026888888889
EID_22451,0.17397777777777776
EID_12242,0.191642
EID_18599,0.24393822222222222
EID_9423,0.18214631111111107
EID_25347,0.1481552
EID_20183,0.1804644888888889
EID_18079,0.2932533333333333
EID_10059,0.2846013333333333
EID_1322,0.20662400000000003
EID_18109,0.21346122222222225
EID_7325,0.2150355555555556
EID_6000,0.2698073333333332
EID_10760,0.18080600000000002
EID_24380,0.27365199999999995
EID_7070,0.23146600000000006
EID_2796,0.2122666666666667
EID_18860,0.16587706666666666
EID_13597,0.17701020000000003
EID_6858,0.22382528571428575
EID_14987,0.2212833333333334
EID_8902,0.25896666666666673
EID_9453,0.1983208888888889
EID_20605,0.18991104761904765
EID_16020,0.2466282666666666
EID_6335,0.23138457142857144
EID_1317,0.200009
EID_5575,0.16743177777777785
EID_17433,0.30958399999999986
EID_6238,0.18917333333333333
EID_10734,0.20432805714285715
EID_7661,0.177308
EID_9281,0.2006036
EID_19259,0.26089111111111113
EID_9544,0.286276
EID_2572,0.22073466666666672
EID_12706,0.16855833333333328
EID_20500,0.17601164444444448
EID_19258,0.20260555555555554
EID_15915,0.24434488888888894
EID_25265,0.2717726666666667
EID_16567,0.17780333333333329
EID_19553,0.25390333333333337
EID_25403,0.26685022222222227
EID_10354,0.1959002
EID_19522,0.19385755555555564
EID_20132,0.20084666666666656
EID_3363,0.17107666666666674
EID_15253,0.17612977777777777
EID_8368,0.22847706666666667
EID_3883,0.15809333333333342
EID_7323,0.15643488888888904
EID_16203,0.24341866666666664
EID_9080,0.18793377777777773
EID_12266,0.23673915555555547
EID_13777,0.2012011111111111
EID_24876,0.17491888888888882
EID_11961,0.3314233333333332
EID_25871,0.17064506666666662
EID_3563,0.2268597333333333
EID_3377,0.15096266666666672
EID_19924,0.1329876666666667
EID_4070,0.16351066666666664
EID_7727,0.1745588888888889
EID_2253,0.18617355555555554
EID_5056,0.24851600000000004
EID_16751,0.2668357777777777
EID_2105,0.21148466666666665
EID_14078,0.19070219999999993
EID_18779,0.21779199999999999
EID_2218,0.22857733333333338
EID_6130,0.15177711111111114
EID_21722,0.1837416666666666
EID_17748,0.19065531111111114
EID_21322,0.17912514285714287
EID_6016,0.17661911111111114
EID_20480,0.19406244444444445
EID_18843,0.21738800000000003
EID_7336,0.23801733333333336
EID_4455,0.20455466666666666
EID_15206,0.22657833333333333
EID_15582,0.19654766666666668
EID_22381,0.20242361481481486
EID_22606,0.3426266666666667
EID_12159,0.20123800000000006
EID_10027,0.2348718888888889
EID_4107,0.23904866666666658
EID_18932,0.20152
EID_1321,0.21139866666666673
EID_7759,0.1291293333333333
EID_21961,0.1450833333333333
EID_15289,0.18224435555555554
EID_23069,0.19697111111111107
EID_17187,0.24729733333333334
EID_25372,0.16802266666666665
EID_9787,0.154308
EID_9797,0.18700133333333332
EID_10831,0.17651866666666666
EID_24620,0.20554466666666674
EID_8715,0.3126573333333332
EID_13459,0.16565777777777785
EID_14031,0.18039200000000002
EID_14541,0.2434755555555555
EID_12395,0.1867164444444444
EID_7150,0.22453000000000004
EID_14422,0.17975588888888885
EID_19060,0.20163777777777778
EID_9338,0.1510755555555555
EID_21042,0.24549266666666672
EID_8011,0.139478
EID_8102,0.2062271111111111
EID_11068,0.14048485714285722
EID_15461,0.17477433333333325
EID_18509,0.1846213333333333
EID_5796,0.21570733333333336
EID_19905,0.2526853333333332
EID_21609,0.1747756666666667
EID_14873,0.22357866666666668
EID_8033,0.221454
EID_21354,0.2150879238095237
EID_16377,0.2663223333333334
EID_10566,0.17684111111111112
EID_4791,0.22964311111111105
EID_20944,0.1968506666666667
EID_24913,0.1999803333333333
EID_3868,0.19128666666666663
EID_10611,0.17403253333333332
EID_21702,0.18419564444444436
EID_9472,0.1769808888888888
EID_10746,0.1780313333333333
EID_17717,0.28287500000000015
EID_18535,0.21229144444444448
EID_23706,0.14679199999999995
EID_7039,0.1763080000000001
EID_23797,0.16695600000000005
EID_1574,0.20028566666666664
EID_5931,0.20460000000000003
EID_6468,0.2014149650793651
EID_15805,0.2713466666666667
EID_2988,0.23679200000000003
EID_21966,0.142524
EID_16571,0.2663174476190476
EID_10082,0.19171933333333338
EID_8359,0.1819764
EID_3200,0.2630080000000001
EID_2206,0.21212544444444445
EID_14234,0.1963073333333333
EID_12498,0.11727293333333332
EID_12009,0.20565095555555557
EID_12486,0.23263755555555557
EID_2679,0.20024633333333333
EID_25329,0.20664233333333334
EID_18268,0.18647422222222226
EID_18253,0.18508399999999997
EID_11915,0.22540399999999997
EID_2503,0.303428
EID_22110,0.17947311111111106
EID_9344,0.21773466666666663
EID_17568,0.22276899999999988
EID_1445,0.16466355555555556
EID_12971,0.20227626666666662
EID_14129,0.21046133333333322
EID_22888,0.19359726666666668
EID_17510,0.23874133333333328
EID_11722,0.22777920000000004
EID_18542,0.1571620444444444
EID_13158,0.1663575555555556
EID_2810,0.1955000888888888
EID_16559,0.1879804444444445
EID_1124,0.1952841111111111
EID_2137,0.2205504444444445
EID_13145,0.2451440888888889
EID_14181,0.1863168
EID_24695,0.16094933333333336
EID_21367,0.21473182222222215
EID_13213,0.15279600000000004
EID_15852,0.16041122222222218
EID_9531,0.20725244444444446
EID_6197,0.13438266666666668
EID_20012,0.2101893333333334
EID_10381,0.2685926666666667
EID_9136,0.21753
EID_12063,0.24007200000000004
EID_22318,0.15256633333333328
EID_24047,0.1946097777777778
EID_5834,0.22595311111111102
EID_4763,0.14059266666666673
EID_24096,0.2554346666666667
EID_13825,0.17916464761904763
EID_14326,0.21546533333333334
EID_10111,0.16941193333333332
EID_23362,0.19038888888888889
EID_8682,0.23286533333333337
EID_18727,0.17739847619047613
EID_20725,0.2429973333333334
EID_15976,0.15176000000000006
EID_17626,0.1950478095238095
EID_13302,0.18980408888888894
EID_11333,0.15087588888888895
EID_12305,0.17230422222222222
EID_4987,0.18701866666666667
EID_12132,0.16877533333333333
EID_14163,0.21521866666666678
EID_15666,0.15717031111111116
EID_19257,0.15628011111111115
EID_1591,0.14395360000000004
EID_5610,0.22487177777777784
EID_4835,0.23052155555555548
EID_5060,0.24454077777777775
EID_15897,0.1966221666666667
EID_9771,0.2142257777777777
EID_11486,0.2049085333333333
EID_14583,0.20925422222222223
EID_17832,0.21248233333333336
EID_6876,0.17062466666666662
EID_18560,0.17898600000000003
EID_1091,0.1575835555555555
EID_3837,0.22310866666666665
EID_8508,0.17210431746031746
EID_23640,0.1706293333333333
EID_13280,0.18895599999999999
EID_3352,0.23291955555555546
EID_13404,0.20891359999999998
EID_23565,0.19618442222222218
EID_24526,0.19829777777777777
EID_9254,0.17046788888888895
EID_8916,0.17833466666666667
EID_15227,0.2023513333333333
EID_11672,0.16910888888888886
EID_8926,0.13109433333333328
EID_25125,0.23606800000000003
EID_3170,0.22668577777777774
EID_24612,0.19355666666666668
EID_23932,0.22435666666666673
EID_11554,0.18935733333333327
EID_19854,0.15553991111111115
EID_16362,0.18342622222222224
EID_13195,0.20122977777777776
EID_25559,0.25845277777777786
EID_18526,0.2117490666666666
EID_23226,0.21654000000000007
EID_5873,0.20648466666666662
EID_11286,0.18536933333333333
EID_7573,0.21778066666666665
EID_11669,0.1825397555555557
EID_12639,0.15226833333333326
EID_12309,0.18178400000000006
EID_17566,0.18611000000000005
EID_3644,0.17894777777777776
EID_9921,0.1781586666666667
EID_14703,0.19061666666666668
EID_19366,0.20568050793650794
EID_12449,0.2514485555555557
EID_24591,0.16597333333333333
EID_4698,0.16141493333333326
EID_17657,0.15364333333333338
EID_24446,0.24910657777777775
EID_18528,0.21849793333333334
EID_8868,0.19172266666666662
EID_5820,0.15545011111111104
EID_24215,0.20582552380952385
EID_19176,0.2265285333333333
EID_6578,0.13611366666666666
EID_9672,0.15971986666666665
EID_10702,0.2441306666666667
EID_4741,0.22981166666666666
EID_24067,0.22133155555555561
EID_2416,0.1641693333333333
EID_12089,0.22178399999999995
EID_8392,0.18782133333333328
EID_16766,0.20492355555555555
EID_23137,0.20795666666666665
EID_24704,0.18107155555555554
EID_13184,0.15996914285714284
EID_21642,0.175784
EID_8050,0.16657288888888894
EID_20432,0.20686000952380945
EID_14456,0.18842666666666663
EID_7769,0.1902005333333333
EID_14077,0.27865066666666666
EID_17805,0.18997133333333321
EID_14927,0.2069762666666667
EID_7995,0.20018355555555556
EID_2297,0.21159422222222227
EID_7960,0.20869333333333334
EID_9481,0.20744239999999997
EID_2781,0.15556133333333338
EID_25571,0.2200131555555556
EID_12462,0.33681244444444436
EID_17761,0.16847300000000007
EID_22310,0.2207896666666667
EID_15161,0.31166666666666665
EID_3361,0.18537766666666666
EID_2166,0.2168428888888888
EID_1515,0.23247466666666672
EID_13787,0.1991653333333333
EID_23496,0.25667
EID_7820,0.22428933333333337
EID_14433,0.19928346666666677
EID_9405,0.15141800000000002
EID_4195,0.19300993333333336
EID_24190,0.17050133333333328
EID_20400,0.2243413333333334
EID_16111,0.15116933333333332
EID_5502,0.21336166666666667
EID_17381,0.17848844444444445
EID_22435,0.1482388888888889
EID_3060,0.18473271111111114
EID_19197,0.1694086666666667
EID_13311,0.16265022222222222
EID_14282,0.2235245333333333
EID_5849,0.2033386666666666
EID_19845,0.1905728888888889
EID_6965,0.1848342222222222
EID_5048,0.20551777777777774
EID_13766,0.20545822222222226
EID_22269,0.22972286666666666
EID_4363,0.14396044444444442
EID_12215,0.16775777777777776
EID_14479,0.1682692444444445
EID_7348,0.216364
EID_25664,0.20172766666666678
EID_4940,0.1752213333333334
EID_6877,0.207512
EID_8337,0.19066666666666668
EID_1775,0.24345626666666664
EID_13938,0.1773937777777778
EID_12735,0.21877626666666666
EID_16138,0.2271653333333334
EID_18586,0.27982266666666666
EID_16650,0.20492603174603172
EID_18259,0.22385599999999992
EID_19144,0.19345866666666664
EID_4483,0.21197666666666679
EID_10929,0.14626422222222218
EID_19882,0.23048900000000003
EID_3779,0.33133066666666666
EID_18678,0.182481873015873
EID_7168,0.16096911111111112
EID_23279,0.16618844444444442
EID_17008,0.14966444444444443
EID_2795,0.27131466666666665
EID_1833,0.1878004444444445
EID_21026,0.1299288888888889
EID_20322,0.18339511111111106
EID_10026,0.1816151111111111
EID_7742,0.18431066666666662
EID_21792,0.23989244444444438
EID_14341,0.16172133333333338
EID_24634,0.19926066666666664
EID_3379,0.14190050793650796
EID_20627,0.2011326666666667
EID_8572,0.1854933333333333
EID_15104,0.20657466666666666
EID_12426,0.19734000000000002
EID_17588,0.3217186666666667
EID_20961,0.16693955555555556
EID_23260,0.21816533333333324
EID_7213,0.18402908888888891
EID_11851,0.19560086666666665
EID_5696,0.25282133333333323
EID_23011,0.19634933333333332
EID_2035,0.22919333333333333
EID_22461,0.18897866666666663
EID_23215,0.221374
EID_6913,0.18199333333333334
EID_5739,0.1641577777777777
EID_19814,0.19424588888888888
EID_20320,0.1851617777777778
EID_2043,0.15810433333333335
EID_21992,0.21308533333333338
EID_9324,0.22317186666666664
EID_3863,0.19107280000000004
EID_7513,0.200884
EID_11120,0.22772933333333323
EID_6548,0.18101844444444445
EID_23957,0.1488079999999999
EID_11408,0.23056933333333332
EID_24638,0.1833598666666667
EID_3908,0.26060124444444444
EID_17023,0.2530151111111111
EID_10902,0.19060733333333335
EID_3543,0.25448666666666664
EID_3633,0.21214168888888893
EID_3394,0.19109826666666666
EID_8619,0.17470666666666668
EID_13424,0.17996444444444437
EID_15405,0.1373519761904762
EID_21727,0.250856
EID_18916,0.2212973333333333
EID_3335,0.21786055555555559
EID_2811,0.1846492444444445
EID_8620,0.22380533333333333
EID_3249,0.1731003333333333
EID_22140,0.19686726666666668
EID_18934,0.22733093333333337
EID_24271,0.20348266666666667
EID_2164,0.1794136666666666
EID_22961,0.1570355555555555
EID_25318,0.23874190476190477
EID_23064,0.24198466666666665
EID_1056,0.21124533333333328
EID_4389,0.14531533333333332
EID_6949,0.1841826666666667
EID_16133,0.1984871111111111
EID_8023,0.29845022222222223
EID_19426,0.1573995555555556
EID_12895,0.20047713333333333
EID_17667,0.19379799999999997
EID_14826,0.21145333333333335
EID_8807,0.17281866666666665
EID_13977,0.21821128888888888
EID_11167,0.17859586666666669
EID_22535,0.18802266666666667
EID_5357,0.2247206666666666
EID_1450,0.2601413333333333
EID_24647,0.22846488888888886
EID_1516,0.2570256
EID_10122,0.16134655555555552
EID_2423,0.2284951111111111
EID_4276,0.18646311111111105
EID_10610,0.16335388888888888
EID_5840,0.2324201777777778
EID_19117,0.2715994666666666
EID_1753,0.2808426666666666
EID_11679,0.21864666666666668
EID_12425,0.17527933333333337
EID_21118,0.15322266666666676
EID_1348,0.17770022222222218
EID_3143,0.22185333333333332
EID_12153,0.19516133333333338
EID_22834,0.21121333333333334
EID_14978,0.2789575555555555
EID_23361,0.24452533333333334
EID_5207,0.1735318222222223
EID_8395,0.24884
EID_2440,0.17309600000000003
EID_14196,0.23233751111111117
EID_16684,0.22994511111111104
EID_22520,0.212924
EID_14689,0.18150311111111114
EID_22890,0.20196066666666673
EID_18695,0.21348466666666663
EID_1275,0.225067
EID_6033,0.17938688888888885
EID_25616,0.16405057777777776
EID_6190,0.18005033333333334
EID_2964,0.21018744444444443
EID_24869,0.18687955555555558
EID_3319,0.2225482222222223
EID_15857,0.21457377777777778
EID_4615,0.2188326666666667
EID_23926,0.15368288888888892
EID_15506,0.2084291777777778
EID_4168,0.22436666666666671
EID_23593,0.224566
EID_3108,0.16715822222222224
EID_22846,0.21947688888888892
EID_12618,0.16618266666666665
EID_20341,0.2311336666666666
EID_15441,0.33081200000000005
EID_20278,0.25243777777777787
EID_19511,0.16235999999999995
EID_7832,0.13577199999999998
EID_7775,0.20521111111111107
EID_9409,0.215016
EID_11483,0.2223022222222222
EID_6657,0.17884711111111118
EID_10338,0.20412844444444453
EID_7683,0.14604177777777777
EID_11854,0.24834773333333332
EID_17102,0.20524133333333344
EID_9882,0.20649655555555557
EID_19326,0.33093466666666665
EID_1670,0.2334439365079365
EID_17455,0.176819
EID_24867,0.16850466666666664
EID_22972,0.1862383333333333
EID_4679,0.28665955555555567
EID_7172,0.22653666666666672
EID_7401,0.21017466666666662
EID_13199,0.23473877777777777
EID_12244,0.19045866666666672
EID_12771,0.2112987777777778
EID_7230,0.1858480000000001
EID_19736,0.1920943111111111
EID_2755,0.211119761904762
EID_19126,0.18082577777777778
EID_20949,0.16815466666666667
EID_4573,0.15603466666666665
EID_23671,0.17785066666666674
EID_11580,0.20368133333333335
EID_15600,0.16595479999999999
EID_17577,0.15828533333333333
EID_6773,0.22376497777777768
EID_9565,0.2571089999999999
EID_13401,0.3091622222222221
EID_17438,0.1979826666666667
EID_7604,0.24359666666666668
EID_1215,0.15977066666666664
EID_24765,0.22733847619047629
EID_2084,0.21303566666666673
EID_17898,0.2406440000000001
EID_9752,0.17039368888888887
EID_19867,0.3588733333333333
EID_5430,0.19961688888888882
EID_22617,0.22268933333333338
EID_23590,0.20064266666666672
EID_11131,0.13376133333333332
EID_1623,0.1496113333333333
EID_25390,0.19133666666666668
EID_23316,0.13391766666666663
EID_11595,0.2239581999999999
EID_10827,0.21164066666666667
EID_14787,0.12806400000000004
EID_18290,0.18603733333333336
EID_17889,0.21974933333333335
EID_7936,0.17545146666666664
EID_12044,0.22498699999999994
EID_8205,0.19339599999999998
EID_22950,0.1807386666666667
EID_4965,0.1903186666666667
EID_24073,0.23635822222222222
EID_4946,0.18651599999999996
EID_14618,0.19493366666666673
EID_17692,0.20409888888888883
EID_23220,0.300048
EID_24364,0.19292799999999996
EID_20216,0.1826468888888889
EID_24865,0.2407964444444446
EID_11009,0.20596783333333332
EID_6889,0.15968977777777782
EID_10375,0.24473333333333339
EID_11917,0.2570816000000001
EID_25323,0.16518213333333331
EID_21841,0.1837671111111112
EID_25278,0.18503033333333338
EID_17857,0.1936133333333333
EID_2991,0.23887013333333335
EID_23822,0.1804151111111111
EID_12098,0.2236447111111111
EID_14665,0.2288813333333333
EID_25373,0.17004999999999992
EID_22143,0.1322554444444445
EID_4000,0.21132577777777772
EID_2951,0.16764633333333337
EID_8610,0.21544977777777774
EID_6998,0.19700066666666666
EID_21972,0.21385244444444443
EID_3582,0.20870066666666667
EID_18220,0.23806933333333327
EID_12381,0.18422666666666668
EID_15689,0.2137821333333333
EID_12239,0.2556426666666667
EID_3987,0.21291022222222217
EID_20164,0.2389777777777777
EID_1654,0.20107800000000006
EID_25583,0.20162022222222215
EID_22736,0.18884011111111113
EID_22169,0.2486966666666667
EID_9495,0.16499644444444447
EID_2465,0.22454288888888893
EID_1659,0.22304555555555558
EID_4509,0.2672136666666666
EID_15264,0.18998733333333334
EID_9494,0.2903986666666667
EID_23657,0.20445666666666668
EID_10376,0.23335366666666674
EID_25277,0.2643573333333333
EID_15121,0.21541933333333338
EID_14760,0.3028586666666666
EID_9160,0.2856482222222222
EID_18574,0.1688403333333333
EID_2977,0.20020153333333335
EID_4745,0.2629363333333334
EID_6762,0.271765111111111
EID_2682,0.14955133333333337
EID_19172,0.2874686666666666
EID_1013,0.18039555555555553
EID_1242,0.24215333333333328
EID_10336,0.15246217777777774
EID_11247,0.17343644444444442
EID_4631,0.24621733333333343
EID_21660,0.17405166666666672
EID_6752,0.24604466666666663
EID_14409,0.2156893333333333
EID_21720,0.27517511111111115
EID_14495,0.2093493333333334
EID_15348,0.16151744444444452
EID_9610,0.16550342222222217
EID_10629,0.21480044444444435
EID_10182,0.24729777777777778
EID_10598,0.21505866666666662
EID_11065,0.27892100000000003
EID_16129,0.1767473333333333
EID_15572,0.1587860000000001
EID_21059,0.16430200000000003
EID_7812,0.18457800000000002
EID_15162,0.24049333333333336
EID_6911,0.22093599999999994
EID_17591,0.2339661777777778
EID_22638,0.15590900000000005
EID_3217,0.16537200000000005
EID_10116,0.20750060952380955
EID_23199,0.18958222222222226
EID_18844,0.27456408888888895
EID_19931,0.18720399999999998
EID_22215,0.2795293333333333
EID_14623,0.20242066666666672
EID_7884,0.2150992
EID_3197,0.213584
EID_11291,0.19025377777777772
EID_3320,0.22689039999999996
EID_12585,0.2186260666666666
EID_13592,0.2034636666666667
EID_11264,0.13728986666666668
EID_6997,0.1834522222222223
EID_2327,0.18648066666666666
EID_9340,0.21632946666666664
EID_14544,0.13773999999999997
EID_13055,0.15483985185185173
EID_14014,0.22876364444444433
EID_7429,0.19577911111111115
EID_19008,0.19778144444444443
EID_14283,0.17451577777777783
EID_10882,0.2856253333333333
EID_5194,0.18435199999999996
EID_23844,0.26638133333333336
EID_22628,0.16593866666666665
EID_10033,0.2685856666666668
EID_13281,0.21447444444444444
EID_23871,0.2294893333333333
EID_3621,0.2285446666666666
EID_12968,0.19668355555555553
EID_5819,0.14236079999999998
EID_6694,0.22552822222222227
EID_17656,0.18485866666666667
EID_8888,0.19772622222222228
EID_14552,0.17525093333333336
EID_15342,0.3562266666666666
EID_7728,0.26194933333333326
EID_10331,0.22686411111111113
EID_5479,0.20454399999999995
EID_25526,0.259374
EID_12348,0.181782
EID_6196,0.20747533333333326
EID_3619,0.23553066666666667
EID_11280,0.21894961904761903
EID_18119,0.19181644444444446
EID_18058,0.32089255555555546
EID_20911,0.2039106666666667
EID_19840,0.24611399999999994
EID_11808,0.34154933333333354
EID_16265,0.15049666666666667
EID_25976,0.19567533333333337
EID_3872,0.18714768253968253
EID_23029,0.17060577777777777
EID_11745,0.20950577777777776
EID_9556,0.19923266666666667
EID_19748,0.21178266666666662
EID_23253,0.1957773015873016
EID_16237,0.16494600000000004
EID_11694,0.233874
EID_12824,0.18217533333333327
EID_12797,0.20419300000000015
EID_3524,0.19189866666666666
EID_10559,0.17573361904761906
EID_22844,0.18742133333333338
EID_22281,0.1784786666666667
EID_9535,0.26920000000000005
EID_1642,0.21541644444444444
EID_17630,0.22030088888888888
EID_15083,0.17372444444444446
EID_2690,0.15328093333333334
EID_12199,0.16992799999999994
EID_3449,0.2148243555555556
EID_12097,0.18851013333333327
EID_23272,0.23818000000000009
EID_6890,0.22824933333333333
EID_2438,0.19966866666666658
EID_6508,0.24761133333333338
EID_10772,0.17725199999999997
EID_6076,0.2346986666666667
EID_3045,0.21874693333333337
EID_24779,0.2356058888888888
EID_12553,0.2440004444444444
EID_24984,0.16675199999999996
EID_17157,0.1934885777777777
EID_11823,0.1930349333333333
EID_4765,0.25116235555555555
EID_16143,0.19691999999999998
EID_19658,0.2606843333333334
EID_12035,0.1834673333333334
EID_3481,0.18995577777777778
EID_12776,0.18882933333333332
EID_21160,0.14724488888888887
EID_11127,0.15813877777777785
EID_11784,0.21219244444444443
EID_17458,0.14469022222222228
EID_15653,0.20032155555555556
EID_25399,0.21804377777777778
EID_8799,0.2531786666666667
EID_14529,0.18563399999999997
EID_19407,0.19769666666666674
EID_8224,0.23446399999999998
EID_21582,0.21289566666666662
EID_14807,0.2813366666666667
EID_17338,0.2593759999999999
EID_10635,0.17016119999999996
EID_16300,0.312888
EID_5155,0.21426400000000007
EID_11136,0.22459022222222216
EID_7716,0.1281236666666666
EID_13041,0.23794177777777772
EID_1572,0.22429066666666667
EID_2382,0.1527912
EID_4568,0.176922
EID_25153,0.32046533333333327
EID_20523,0.25511920000000005
EID_2332,0.22306355555555546
EID_6143,0.1871051111111112
EID_19549,0.2113106666666667
EID_24568,0.13345266666666666
EID_23211,0.20452866666666675
EID_2342,0.26509711111111106
EID_2922,0.179842
EID_6026,0.2617706666666667
EID_10107,0.1747048
EID_14855,0.22777866666666657
EID_18780,0.18597255555555564
EID_10578,0.19142933333333334
EID_3842,0.24977200000000002
EID_10225,0.22513946666666665
EID_15275,0.22482933333333335
EID_10740,0.15756088888888883
EID_9483,0.27375111111111117
EID_11262,0.16999955555555554
EID_24388,0.1538248
EID_19271,0.2747826666666667
EID_15363,0.17970933333333328
EID_16555,0.31447666666666674
EID_7387,0.17626253333333336
EID_2692,0.14706672222222222
EID_19754,0.22813546666666662
EID_10859,0.15388822222222226
EID_16618,0.16661519999999994
EID_1697,0.21222533333333335
EID_3764,0.1984453333333333
EID_4502,0.20649066666666666
EID_19240,0.2886666666666666
EID_22590,0.21281599999999998
EID_14056,0.2149486666666667
EID_20697,0.2320556000000001
EID_2505,0.22567333333333348
EID_23288,0.19548177777777773
EID_23373,0.32628266666666667
EID_18878,0.20167733333333332
EID_11857,0.2695145555555556
EID_25945,0.1363037777777778
EID_18242,0.2580906666666666
EID_22823,0.24841400000000008
EID_5625,0.19434133333333337
EID_6702,0.23764399999999994
EID_24252,0.20116933333333328
EID_12704,0.20793217777777775
EID_1770,0.21423466666666666
EID_10159,0.22516433333333324
EID_3702,0.29506000000000004
EID_2688,0.24140711111111107
EID_19784,0.20186333333333342
EID_3636,0.214288
EID_14537,0.19684266666666664
EID_4878,0.23864790476190473
EID_10260,0.16618733333333327
EID_5154,0.21405857777777781
EID_21206,0.17867799999999998
EID_15511,0.19356888888888887
EID_8010,0.17138500000000004
EID_6249,0.19987733333333332
EID_7392,0.16303599999999996
EID_18362,0.19945066666666664
EID_14147,0.1653435555555555
EID_24826,0.23590933333333333
EID_10862,0.1696197333333333
EID_3088,0.17973066666666665
EID_2871,0.1990881777777777
EID_22681,0.19769733333333334
EID_3720,0.1709868
EID_21540,0.20368444444444445
EID_3516,0.21738888888888888
EID_10969,0.20154433333333333
EID_11396,0.23262333333333335
EID_11407,0.1917098666666667
EID_19264,0.13785333333333333
EID_12406,0.1525678888888889
EID_19440,0.14575733333333338
EID_22729,0.18517666666666666
EID_21143,0.18710428571428567
EID_19936,0.23686688888888885
EID_13997,0.15744795238095233
EID_15533,0.15959355555555552
EID_22065,0.24937433333333336
EID_6600,0.18795066666666665
EID_15316,0.26300253333333345
EID_10721,0.21855391111111103
EID_20630,0.15206982222222223
EID_17720,0.2053813333333333
EID_7692,0.2020068888888889
EID_25004,0.12511011111111112
EID_1804,0.16507099999999997
EID_25207,0.32912133333333327
EID_7638,0.20485733333333334
EID_8179,0.18790133333333336
EID_23406,0.24548066666666662
EID_19285,0.20576399999999995
EID_15333,0.22806600000000002
EID_9685,0.15570799999999999
EID_15725,0.18227577777777784
EID_8302,0.258172
EID_10726,0.17467533333333332
EID_6168,0.16975806666666665
EID_16711,0.21030933333333332
EID_24881,0.21471577777777776
EID_15281,0.1719831111111112
EID_17428,0.21320133333333338
EID_2814,0.12997388888888886
EID_8717,0.19325866666666663
EID_4395,0.2238133333333333
EID_22871,0.21459477777777783
EID_22152,0.19696944444444442
EID_23649,0.19572266666666666
EID_24748,0.19740977777777782
EID_25426,0.20683733333333335
EID_13986,0.2032524444444445
EID_19704,0.197544
EID_15554,0.21124977777777784
EID_23100,0.2199621111111112
EID_25408,0.15780200000000003
EID_15870,0.17143017777777778
EID_4048,0.2147960000000001
EID_12712,0.1769597333333334
EID_1937,0.20521866666666666
EID_14246,0.2200200888888889
EID_2569,0.14572466666666664
EID_6228,0.1445111111111111
EID_21309,0.14534666666666665
EID_16971,0.26982866666666655
EID_25273,0.21697786666666655
EID_8968,0.1985562666666668
EID_21475,0.25503408888888884
EID_1982,0.1539482222222222
EID_23627,0.2438106666666668
EID_14209,0.1565995555555556
EID_22365,0.21261600000000003
EID_21031,0.17843799999999996
EID_16883,0.25643466666666664
EID_15734,0.16971586666666674
EID_20840,0.14599755555555557
EID_20792,0.17685666666666666
EID_2652,0.20300066666666666
EID_3079,0.23393733333333344
EID_1425,0.25709100000000007
EID_17271,0.17233844444444452
EID_22724,0.32717266666666656
EID_23964,0.25132711111111117
EID_9333,0.1986133333333333
EID_12374,0.19946666666666665
EID_25107,0.300872
EID_22869,0.23160755555555554
EID_18753,0.2032653333333333
EID_16805,0.2507610666666667
EID_19994,0.22883111111111107
EID_3004,0.1716744888888888
EID_12616,0.20301066666666673
EID_6090,0.18080788888888882
EID_3303,0.18417733333333336
EID_9435,0.2028938666666667
EID_1838,0.24475488888888894
EID_15681,0.1934353333333333
EID_17496,0.25256466666666666
EID_8456,0.2083891111111112
EID_23174,0.18832533333333337
EID_8285,0.168204
EID_6547,0.1867477333333334
EID_23648,0.16640888888888894
EID_7958,0.2173253333333334
EID_19299,0.2335071111111111
EID_8699,0.18189555555555562
EID_14528,0.18872146666666667
EID_23167,0.17511186666666673
EID_25289,0.16079462222222218
EID_12802,0.21874806349206352
EID_15986,0.2160109333333333
EID_3609,0.23147215873015875
EID_2045,0.17987404761904763
EID_1788,0.22375599999999995
EID_22630,0.1856153333333333
EID_10542,0.19285822222222215
EID_13101,0.2387733333333335
EID_5159,0.18917200000000003
EID_18490,0.20554533333333333
EID_25693,0.18761266666666676
EID_20514,0.13756266666666672
EID_3713,0.17006922222222226
EID_11193,0.24680666666666667
EID_6052,0.22339386666666664
EID_6986,0.178771
EID_9104,0.19756177777777775
EID_23058,0.214484
EID_3156,0.16666200000000003
EID_17660,0.28173422222222216
EID_17514,0.1900389999999999
EID_15370,0.2804983777777777
EID_12207,0.22373866666666667
EID_7351,0.1711517777777778
EID_24727,0.23604647619047617
EID_6356,0.17495133333333332
EID_15421,0.22540693333333328
EID_11772,0.2576906666666667
EID_14071,0.18666366666666667
EID_16359,0.1842568888888889
EID_16919,0.1858873333333333
EID_21496,0.19437444444444446
EID_10564,0.18956399999999995
EID_3773,0.23351644444444447
EID_9484,0.22312377777777784
EID_13601,0.1831717333333333
EID_13843,0.20466995555555564
EID_8774,0.1990777777777778
EID_7542,0.25170177777777775
EID_3388,0.19536206349206348
EID_17949,0.20686977777777774
EID_1815,0.15288266666666664
EID_10479,0.17397075555555563
EID_10722,0.1759742222222222
EID_3427,0.2191130000000001
EID_18205,0.22046200000000005
EID_21650,0.23646533333333333
EID_23124,0.20180399999999996
EID_4294,0.2527226666666666
EID_13366,0.15681644444444442
EID_13957,0.23075200000000004
EID_3578,0.26118555555555556
EID_24105,0.17518066666666662
EID_13186,0.2063406666666666
EID_24214,0.18284152380952376
EID_17251,0.190884
EID_23225,0.21106800000000003
EID_2152,0.2159575555555555
EID_10625,0.2608893333333332
EID_2044,0.19283906666666667
EID_7201,0.22351199999999996
EID_2405,0.2439143333333333
EID_22716,0.23294933333333329
EID_22728,0.2898436984126986
EID_21251,0.2130051333333333
EID_6915,0.24752719999999992
EID_14744,0.14029420000000006
EID_15814,0.1770045333333333
EID_6659,0.2148955555555555
EID_10991,0.23468200000000014
EID_6500,0.15257013333333336
EID_19121,0.18583751111111116
EID_6278,0.2707397777777776
EID_13236,0.20275466666666664
EID_5382,0.15694466666666665
EID_6871,0.20058545238095235
EID_5012,0.21800933333333333
EID_1268,0.2586808888888888
EID_6588,0.15424788888888888
EID_22163,0.2112924444444444
EID_11121,0.24544899999999997
EID_22615,0.1445297777777778
EID_7838,0.20620933333333336
EID_3344,0.17872466666666673
EID_25292,0.19034277777777778
EID_10730,0.20821588888888892
EID_10317,0.17307777777777777
EID_13443,0.18420222222222224
EID_10988,0.19832533333333344
EID_23091,0.288843
EID_1839,0.13090400000000002
EID_13892,0.175548
EID_1496,0.17220533333333335
EID_15045,0.19472466666666666
EID_3744,0.1973739999999999
EID_13010,0.19653066666666674
EID_9716,0.15984533333333334
EID_2993,0.17492066666666667
EID_23435,0.22351786666666665
EID_8587,0.24161022222222228
EID_22132,0.18810666666666667
EID_21413,0.20726386666666666
EID_11881,0.2280106666666666
EID_19850,0.2640234285714287
EID_18460,0.21982186666666667
EID_17983,0.2638293333333332
EID_14888,0.23725933333333335
EID_14002,0.21016133333333337
EID_13524,0.14273066666666667
EID_4049,0.1387246666666667
EID_6535,0.1640742222222223
EID_10557,0.1990128666666667
EID_1313,0.1532333333333334
EID_12424,0.16225319999999993
EID_8210,0.1882813333333333
EID_22378,0.23108942222222215
EID_19644,0.19253955555555555
EID_8790,0.2320810666666668
EID_5778,0.16314244444444445
EID_23887,0.17297700000000005
EID_16103,0.26575233333333326
EID_20604,0.19284400000000002
EID_17378,0.1784618666666667
EID_5566,0.17875433333333335
EID_24264,0.16032933333333332
EID_7814,0.2473515555555556
EID_1968,0.1596793333333333
EID_10282,0.21178355555555553
EID_13648,0.2065272000000001
EID_22376,0.18647199999999994
EID_3690,0.21061400000000005
EID_17871,0.17229586666666669
EID_19167,0.21088933333333332
EID_5366,0.1506656
EID_16996,0.1582533333333333
EID_1953,0.19286848888888883
EID_8760,0.24264506666666666
EID_20448,0.17977599999999996
EID_15787,0.20300035555555554
EID_18982,0.1877976666666667
EID_4388,0.16938533333333333
EID_22325,0.23033800000000004
EID_10189,0.19192093333333332
EID_21162,0.20081799999999994
EID_1032,0.26164133333333334
EID_12045,0.19110466666666673
EID_18324,0.21583600000000008
EID_15085,0.23732133333333322
EID_21927,0.214544380952381
EID_13325,0.1832826666666667
EID_17801,0.18447288888888888
EID_7678,0.23780133333333334
EID_17469,0.18042088888888885
EID_14318,0.22881466666666672
EID_16439,0.3159611666666666
EID_2307,0.13924833333333336
EID_20011,0.1888645555555555
EID_19381,0.20047233333333328
EID_14043,0.21296862222222218
EID_14774,0.22294355555555556
EID_22982,0.15885644444444444
EID_19092,0.17209377777777776
EID_13137,0.16385613333333332
EID_5738,0.20813733333333323
EID_19661,0.2244146666666667
EID_22570,0.196662
EID_16393,0.20816888888888882
EID_4256,0.15557511111111105
EID_17873,0.2154953333333333
EID_13832,0.25921111111111106
EID_17617,0.21817333333333333
EID_3106,0.19209955555555555
EID_6567,0.13818872380952388
EID_4727,0.27087733333333325
EID_14518,0.272224888888889
EID_1070,0.2261833333333333
EID_19385,0.22854799999999992
EID_20032,0.22742699999999993
EID_11714,0.199756
EID_23636,0.16488200000000003
EID_1985,0.20670266666666662
EID_5627,0.15074000000000004
EID_15171,0.18435017142857138
EID_8811,0.17824066666666663
EID_2163,0.27683266666666656
EID_8459,0.1342673777777778
EID_18138,0.26232133333333335
EID_17518,0.178156
EID_17432,0.1439296
EID_25686,0.13625466666666672
EID_2470,0.20217966666666679
EID_16311,0.18461666666666657
EID_6903,0.1807976666666667
EID_11990,0.228164
EID_23460,0.13015120000000002
EID_25924,0.22779733333333335
EID_13985,0.243894
EID_5455,0.22577866666666666
EID_13427,0.24999733333333335
EID_24855,0.18686844444444445
EID_15532,0.24595688888888878
EID_8953,0.21598266666666668
EID_22683,0.2118941333333333
EID_22493,0.17761822222222223
EID_1451,0.213232
EID_20796,0.19853666666666675
EID_17281,0.15030026666666665
EID_7767,0.1853429999999999
EID_20838,0.24986466666666668
EID_17235,0.19990966666666668
EID_21615,0.2498207777777778
EID_6972,0.2182571111111111
EID_13930,0.21552400000000002
EID_4188,0.2138973333333333
EID_11277,0.17759415555555566
EID_18053,0.2292519999999999
EID_11288,0.19761755555555563
EID_1148,0.21842266666666674
EID_19216,0.22643786666666663
EID_7660,0.1409425333333333
EID_22805,0.2448178666666667
EID_11931,0.20461755555555564
EID_16921,0.1552227777777777
EID_4993,0.2117864444444444
EID_18070,0.20174622222222216
EID_15648,0.21238666666666675
EID_11404,0.20739120000000005
EID_14248,0.26547657777777783
EID_15424,0.22931722222222226
EID_8039,0.21808266666666673
EID_7094,0.19524568888888885
EID_13161,0.1888893333333333
EID_9293,0.16066548148148146
EID_4351,0.2207046666666666
EID_17259,0.19166533333333333
EID_2681,0.12691266666666667
EID_22123,0.20705999999999997
EID_8528,0.21890688888888887
EID_11798,0.18938399999999997
EID_20265,0.18485733333333335
EID_21396,0.20307999999999984
EID_12220,0.2692066666666666
EID_25722,0.20362231111111112
EID_21719,0.2677333333333334
EID_3506,0.21219768888888887
EID_2139,0.2571937333333334
EID_6562,0.20604399999999995
EID_4353,0.19328800000000007
EID_24392,0.28222133333333344
EID_11238,0.13131333333333328
EID_20617,0.24823493333333335
EID_21473,0.20706833333333335
EID_16837,0.26451511111111115
EID_1800,0.16521066666666667
EID_25849,0.23664233333333323
EID_9395,0.19281255555555551
EID_2415,0.26174990476190485
EID_9286,0.1868053333333333
EID_5081,0.225796
EID_22546,0.15487255555555562
EID_11932,0.20149244444444447
EID_16292,0.20798555555555556
EID_17882,0.21524533333333332
EID_20889,0.2111278888888889
EID_10031,0.18182666666666672
EID_21576,0.23895
EID_8256,0.21044933333333332
EID_2614,0.21543666666666667
EID_2098,0.171066
EID_10242,0.19535400000000008
EID_21993,0.1320077777777777
EID_22664,0.22062155555555554
EID_1919,0.23905599999999994
EID_11629,0.17783722222222223
EID_6840,0.22792111111111116
EID_25493,0.18868684444444445
EID_14968,0.18493433333333334
EID_25313,0.19040166666666666
EID_8035,0.2072814444444444
EID_8969,0.186066
EID_15223,0.24493200000000007
EID_6266,0.17996213333333322
EID_8184,0.19777733333333336
EID_19480,0.25527022222222223
EID_19076,0.2170602666666667
EID_16339,0.16671184126984134
EID_7963,0.3125540000000001
EID_17427,0.18943733333333335
EID_12641,0.21145084444444454
EID_4122,0.19837133333333334
EID_23659,0.274939
EID_13486,0.1713213333333334
EID_18423,0.18291093333333333
EID_2181,0.19051333333333334
EID_25490,0.14505724444444443
EID_9211,0.20476266666666668
EID_5237,0.21452375555555558
EID_2418,0.24283599999999994
EID_17716,0.23991933333333326
EID_13837,0.20552799999999993
EID_2840,0.28353599999999995
EID_13004,0.27872666666666673
EID_14429,0.16618284444444437
EID_18915,0.25889644444444426
EID_22415,0.2264488
EID_4304,0.21830622222222226
EID_10753,0.14735466666666666
EID_22612,0.2048268888888888
EID_1857,0.2026568888888889
EID_3566,0.18479777777777776
EID_8545,0.2991226666666667
EID_21685,0.2315853333333332
EID_9946,0.19071933333333327
EID_20447,0.129216
EID_3887,0.17058848888888886
EID_8351,0.20803600000000003
EID_23889,0.25555866666666666
EID_8248,0.12998799999999996
EID_16621,0.16522599999999998
EID_25138,0.1722374
EID_10004,0.233004888888889
EID_5522,0.3069253333333333
EID_23416,0.22484390476190483
EID_14897,0.148004
EID_10840,0.2010947111111111
EID_21716,0.2944197777777777
EID_18484,0.16223999999999988
EID_7402,0.2305372
EID_24854,0.21585282222222224
EID_1610,0.24166999999999997
EID_17592,0.2669418095238096
EID_22128,0.209265
EID_17304,0.1881019555555555
EID_1508,0.19418322222222217
EID_20492,0.14458233333333337
EID_2324,0.26790333333333327
EID_17093,0.16120986666666667
EID_23356,0.2288373333333333
EID_17895,0.26665133333333346
EID_8186,0.1712037460317461
EID_19358,0.20030400000000004
EID_6030,0.17478900000000006
EID_17457,0.18396299999999993
EID_14976,0.2548168
EID_8914,0.19842400000000002
EID_5721,0.13188888888888883
EID_11266,0.21843248888888894
EID_17012,0.17569311111111113
EID_7554,0.19055200000000003
EID_3087,0.2370717333333333
EID_19716,0.19670444444444443
EID_21723,0.33208866666666653
EID_13072,0.24923600000000004
EID_9776,0.17648373333333336
EID_25927,0.2133324444444445
EID_5593,0.16048311111111108
EID_13954,0.18974333333333335
EID_16034,0.19231114285714293
EID_1719,0.1835616
EID_23054,0.25537733333333335
EID_15591,0.19617711111111108
EID_5178,0.18603553333333336
EID_24346,0.18813111111111114
EID_21264,0.21836213333333332
EID_3292,0.16559555555555555
EID_14975,0.21464231111111112
EID_9165,0.20508333333333334
EID_23369,0.17709511111111112
EID_18767,0.1926146666666667
EID_10153,0.20168799999999998
EID_2542,0.15674466666666662
EID_23826,0.19000575555555563
EID_20391,0.18387333333333333
EID_8633,0.1649924444444445
EID_5875,0.1710373333333333
EID_12699,0.2066343333333334
EID_12982,0.21530000000000005
EID_16392,0.15012057777777782
EID_8185,0.2050966666666667
EID_15462,0.18579333333333337
EID_4853,0.2524351111111111
EID_17622,0.16653444444444437
EID_23074,0.1891160000000001
EID_6390,0.23531253333333338
EID_24539,0.21544355555555555
EID_12963,0.2056186666666667
EID_8649,0.18164333333333335
EID_11810,0.1675411111111111
EID_3598,0.15185253333333337
EID_13511,0.22337790476190486
EID_16014,0.22510799999999995
EID_24791,0.29995053333333344
EID_3417,0.24800180000000002
EID_24668,0.18069533333333326
EID_4508,0.15668666666666667
EID_25150,0.2800400000000001
EID_25934,0.15200971111111106
EID_6308,0.2636381333333334
EID_10508,0.21901942222222223
EID_18724,0.23785955555555552
EID_10536,0.1556685333333334
EID_18738,0.15316555555555553
EID_15949,0.21697900000000014
EID_20722,0.23514420000000003
EID_14963,0.20983980952380948
EID_6682,0.20981177777777776
EID_8365,0.17686453333333332
EID_17999,0.24602833333333352
EID_24499,0.17884733333333333
EID_20389,0.14655511111111116
EID_12123,0.2619213333333333
EID_19203,0.21686800000000006
EID_3538,0.26915377777777777
EID_19811,0.23544800000000005
EID_11473,0.20074711111111113
EID_3032,0.20201333333333338
EID_8419,0.24446893333333317
EID_9052,0.22364413333333333
EID_15837,0.18623666666666666
EID_6644,0.17825666666666665
EID_16894,0.19901699999999997
EID_10552,0.2251526666666666
EID_14750,0.2699066666666666
EID_16659,0.21233066666666672
EID_4472,0.23625866666666662
EID_4076,0.235798
EID_5163,0.19857666666666668
EID_25923,0.17529133333333333
EID_24806,0.17392999999999995
EID_3742,0.16264266666666663
EID_19722,0.20008813333333325
EID_18033,0.1739751111111111
EID_16718,0.24062777777777783
EID_13182,0.21437466666666674
EID_23021,0.22301466666666675
EID_20329,0.1697403333333333
EID_8770,0.18459666666666674
EID_11234,0.17639226666666669
EID_18881,0.18908133333333338
EID_1365,0.2440796666666666
EID_19318,0.2166476666666666
EID_19343,0.2438648888888889
EID_4435,0.22929333333333338
EID_22102,0.230957
EID_24095,0.19121800000000003
EID_9897,0.24102177777777778
EID_21635,0.24264466666666673
EID_16514,0.27018990476190474
EID_1997,0.1911875555555556
EID_10324,0.25934999999999997
EID_6487,0.2622251999999998
EID_21197,0.15474684444444442
EID_19082,0.35328800000000005
EID_17562,0.22069133333333335
EID_8738,0.196299
EID_13687,0.26427966666666663
EID_19572,0.13524088888888883
EID_24909,0.13123288888888887
EID_21814,0.17660977777777784
EID_12083,0.23125653333333326
EID_25919,0.1288266666666667
EID_19140,0.2002957777777777
EID_23924,0.19960177777777774
EID_1208,0.27266622222222214
EID_18170,0.30128166666666656
EID_18699,0.213247
EID_1318,0.15587333333333334
EID_14941,0.1906011111111111
EID_6540,0.16760800000000003
EID_20936,0.23188533333333333
EID_9705,0.23782533333333333
EID_24181,0.1799142666666667
EID_22138,0.23008099999999998
EID_23044,0.21974733333333338
EID_9038,0.17851600000000004
EID_3247,0.26865866666666655
EID_19630,0.23368720000000007
EID_8655,0.22095380952380955
EID_10423,0.17536053333333332
EID_3946,0.21341500000000005
EID_16512,0.266838
EID_12473,0.2346504444444445
EID_11571,0.2069533333333333
EID_14381,0.1956846666666667
EID_12675,0.2546573333333334
EID_1930,0.19757027777777783
EID_20155,0.16603706666666665
EID_22902,0.17244077777777772
EID_24145,0.18622919999999998
EID_5342,0.18279666666666675
EID_8334,0.15551466666666666
EID_25708,0.22230008888888886
EID_19991,0.20301055555555553
EID_5499,0.22056933333333328
EID_5953,0.1767377777777778
EID_7444,0.18276353333333334
EID_6218,0.2686266666666666
EID_12891,0.2661077777777777
EID_16456,0.23674933333333323
EID_20256,0.2223046666666667
EID_9959,0.24333833333333327
EID_8845,0.17451511111111115
EID_1662,0.1834597777777778
EID_8739,0.20454166666666668
EID_20695,0.20724933333333334
EID_19446,0.18201066666666668
EID_12441,0.21084466666666668
EID_13066,0.19027366666666665
EID_8911,0.18344213333333323
EID_22200,0.23278800000000013
EID_9689,0.19167466666666666
EID_1668,0.2050582222222222
EID_8120,0.16593588888888886
EID_22777,0.19414911111111108
EID_19141,0.24578111111111098
EID_22674,0.2229896666666666
EID_16121,0.16121933333333333
EID_14662,0.2340953333333333
EID_23290,0.15881022222222227
EID_20144,0.22310600000000003
EID_23052,0.2205240000000001
EID_25575,0.20429333333333335
EID_23724,0.19090355555555558
EID_14759,0.23330577777777786
EID_25209,0.15313666666666673
EID_17753,0.2164266666666667
EID_4693,0.2527266666666666
EID_17284,0.1897091111111111
EID_9131,0.22588799999999998
EID_24625,0.19748721904761907
EID_24912,0.19934151111111106
EID_19612,0.16131955555555552
EID_9147,0.13927144444444448
EID_6891,0.13861866666666667
EID_10639,0.2265393333333333
EID_5880,0.18032266666666666
EID_22547,0.24577288888888882
EID_10066,0.18769697777777783
EID_7126,0.1335333333333333
EID_4929,0.1923628666666667
EID_24750,0.2089497777777778
